TF_locusTag,TF_altLocusTag,TF_name,TF_role,TG_locusTag,TG_altLocusTag,TG_name,Operon,Binding_site,Role,Is_sigma_factor,Evidence,PMID,Source
Rv0022c,,whiB5,Dual,Rv0029,,Rv0029,,,A,no,experimental,25581030,Minch et al. 2015
Rv0022c,,whiB5,Dual,Rv0030,,Rv0030,OP_Rv0029,,A,no,experimental,25581030,Minch et al. 2015
Rv0022c,,whiB5,Dual,Rv0070c,,glyA2,OP_Rv0069c,,A,no,experimental,25581030,Minch et al. 2015
Rv0022c,,whiB5,Dual,Rv0309,,Rv0309,,ATGCACAGCGCACCATGGCTTTAGC,A,no,experimental,25581030,Minch et al. 2015
Rv0022c,,whiB5,Dual,Rv2077A,,Rv2077A,,CGTGATGCTGAAACTCGT,A,no,experimental,25581030,Minch et al. 2015
Rv0022c,,whiB5,Dual,Rv2078,,Rv2078,,CGTGATGCTGAAACTCGT,A,no,experimental,25581030,Minch et al. 2015
Rv0022c,,whiB5,Dual,Rv2409c,,Rv2409c,,TTGGCGCTGCAGTACTTT,A,no,experimental,25581030,Minch et al. 2015
Rv0022c,,whiB5,Dual,Rv2631,,Rv2631,,,A,no,experimental,25581030,Minch et al. 2015
Rv0022c,,whiB5,Dual,Rv2798c,,Rv2798c,,CGTTGAGCGCCATCGCC,A,no,experimental,25581030,Minch et al. 2015
Rv0022c,,whiB5,Dual,Rv2799,,Rv2799,,CGTTGAGCGCCATCGCC;CGTTGAGCGCCATCGCC,A,no,experimental,25581030,Minch et al. 2015
Rv0022c,,whiB5,Dual,Rv2824c,,Rv2824c,OP_Rv2819c,TCCGTAGCGCTTCAACGC,A,no,experimental,25581030,Minch et al. 2015
Rv0022c,,whiB5,Dual,Rv3450c,,eccB4,,CCGTTGGGCAGCATCAGCTTTG,A,no,experimental,25581030,Minch et al. 2015
Rv0022c,,whiB5,Dual,Rv3451,,cut3,OP_Rv3445c,,A,no,experimental,25581030,Minch et al. 2015
Rv0022c,,whiB5,Dual,Rv3468c,,Rv3468c,,CGCTGCAACG,A,no,experimental,25581030,Minch et al. 2015
Rv0022c,,whiB5,Dual,Rv3492c,,Rv3492c,,AATTCTCGGCGCTGGA,A,no,experimental,25581030,Minch et al. 2015
Rv0022c,,whiB5,Dual,Rv1469,,ctpD,,CGTGGCGCTGCTGC,R,no,experimental,25581030,Minch et al. 2015
Rv0023,,Rv0023,Dual,Rv0002,,dnaN,,GTCGAAGTATTCGGC,A,no,experimental,25581030,Minch et al. 2015
Rv0023,,Rv0023,Dual,Rv0057,,Rv0057,,CCGCAGATGTGGTTGCTGCC;CCGCAGATGTGGTTGCTGCC;CCGCAGATGTGGTTGCTGCC,A,no,experimental,25581030,Minch et al. 2015
Rv0023,,Rv0023,Dual,Rv0244c,,fadE5,,GACGTCGACG,A,no,experimental,25581030,Minch et al. 2015
Rv0023,,Rv0023,Dual,Rv0245,,Rv0245,,GACGTCGACG,A,no,experimental,25581030,Minch et al. 2015
Rv0023,,Rv0023,Dual,Rv0268c,,Rv0268c,,CGTCGTCGACGATGTA,A,no,experimental,25581030,Minch et al. 2015
Rv0023,,Rv0023,Dual,Rv0363c,,fba,,GCCGACGATGTCGAA,A,no,experimental,25581030,Minch et al. 2015
Rv0023,,Rv0023,Dual,Rv0691c,,Rv0691c,OP_Rv0690c,CGTCGACGTAGTCGGTG,A,no,experimental,25581030,Minch et al. 2015
Rv0023,,Rv0023,Dual,Rv1052,,Rv1052,,CGTAACCGACTTCGTAGCG,A,no,experimental,25581030,Minch et al. 2015
Rv0023,,Rv0023,Dual,Rv1056,,Rv1056,,,A,no,experimental,25581030,Minch et al. 2015
Rv0023,,Rv0023,Dual,Rv1130,,prpD,,TCGAAGAATTCGTCGCCC,A,no,experimental,25581030,Minch et al. 2015
Rv0023,,Rv0023,Dual,Rv1169c,,lipX,,GACGACGGTATCGACGCC,A,no,experimental,25581030,Minch et al. 2015
Rv0023,,Rv0023,Dual,Rv1221,,sigE,,GTTGCCGACGGTG,A,no,experimental,25581030,Minch et al. 2015
Rv0023,,Rv0023,Dual,Rv1805c,,Rv1805c,,ACGACGCTGTCGCAGC,A,no,experimental,25581030,Minch et al. 2015
Rv0023,,Rv0023,Dual,Rv1875,,Rv1875,OP_Rv1874,CGGTGTCGATGTTCTGGTT,A,no,experimental,25581030,Minch et al. 2015
Rv0023,,Rv0023,Dual,Rv1954c,,Rv1954c,,CGACGCCGACGACCTTGA,A,no,experimental,25581030,Minch et al. 2015
Rv0023,,Rv0023,Dual,Rv1963c,,mce3R,,GTCGACGAATTCGCCG,A,no,experimental,25581030,Minch et al. 2015
Rv0023,,Rv0023,Dual,Rv1986,,Rv1986,,TTCGACGGTCTCGGCGAC,A,no,experimental,25581030,Minch et al. 2015
Rv0023,,Rv0023,Dual,Rv1994c,,cmtR,,ACGATATCGTTAAC,A,no,experimental,25581030,Minch et al. 2015
Rv0023,,Rv0023,Dual,Rv1995,,Rv1995,,CGCCGACGTCGTTGCCG,A,no,experimental,25581030,Minch et al. 2015
Rv0023,,Rv0023,Dual,Rv2034,,Rv2034,OP_Rv2028c,CGACGCCGATG,A,no,experimental,25581030,Minch et al. 2015
Rv0023,,Rv0023,Dual,Rv2107,,PE22,,TGTACGATTTTGTCAC,A,no,experimental,25581030,Minch et al. 2015
Rv0023,,Rv0023,Dual,Rv2254c,,Rv2254c,,CCGACGATTTCG,A,no,experimental,25581030,Minch et al. 2015
Rv0023,,Rv0023,Dual,Rv2640c,,Rv2640c,,GCTGCCGAAGGTCTCGGAGT,A,no,experimental,25581030,Minch et al. 2015
Rv0023,,Rv0023,Dual,Rv2991,,Rv2991,,TGACGATGTCGGCG,A,no,experimental,25581030,Minch et al. 2015
Rv0023,,Rv0023,Dual,Rv3252c,,alkB,OP_Rv3249c,CGTCGTAGACGTAGTCGCAGAC,A,no,experimental,25581030,Minch et al. 2015
Rv0023,,Rv0023,Dual,Rv3269,,Rv3269,,CGAAGCCGACGCCGTCGTCAA,A,no,experimental,25581030,Minch et al. 2015
Rv0023,,Rv0023,Dual,Rv3290c,,lat,,TCGACGATATCGAT,A,no,experimental,25581030,Minch et al. 2015
Rv0023,,Rv0023,Dual,Rv3440c,,Rv3440c,OP_Rv3437,CGGAGCCGACGAAGTC,A,no,experimental,25581030,Minch et al. 2015
Rv0023,,Rv0023,Dual,Rv3526,,kshA,,TCGATGGTGACGTCGC,A,no,experimental,25581030,Minch et al. 2015
Rv0023,,Rv0023,Dual,Rv3743c,,ctpJ,,TAAATGGCTTCGTCA,A,no,experimental,25581030,Minch et al. 2015
Rv0023,,Rv0023,Dual,Rv3744,,nmtR,,TCGACTTTCTCGATGA,A,no,experimental,25581030,Minch et al. 2015
Rv0023,,Rv0023,Dual,Rv0006,,gyrA,OP_Rv0005,CGACGCCGATGTTG,R,no,experimental,25581030,Minch et al. 2015
Rv0023,,Rv0023,Dual,Rv0115,,hddA,OP_Rv0114,ACGTAGTCGCCGAC,R,no,experimental,25581030,Minch et al. 2015
Rv0023,,Rv0023,Dual,Rv0167,,yrbE1A,,CGTTGTCGACGTCGT,R,no,experimental,25581030,Minch et al. 2015
Rv0023,,Rv0023,Dual,Rv0173,,lprK,OP_Rv0167,CGTTGTCGACGTCGT,R,no,experimental,25581030,Minch et al. 2015
Rv0023,,Rv0023,Dual,Rv0174,,mce1F,OP_Rv0167,CGTTGTCGACGTCGT,R,no,experimental,25581030,Minch et al. 2015
Rv0023,,Rv0023,Dual,Rv0354c,,PPE7,,CGAAGCCGATGTTGCCGGTGC,R,no,experimental,25581030,Minch et al. 2015
Rv0023,,Rv0023,Dual,Rv0379,,secE2,,CCGATGATGTCGATCAC,R,no,experimental,25581030,Minch et al. 2015
Rv0023,,Rv0023,Dual,Rv0404,,fadD30,OP_Rv0402c,,R,no,experimental,25581030,Minch et al. 2015
Rv0023,,Rv0023,Dual,Rv0412c,,Rv0412c,OP_Rv0402c,,R,no,experimental,25581030,Minch et al. 2015
Rv0023,,Rv0023,Dual,Rv0424c,,Rv0424c,,AGTCGATGAGTTCGA;AGTCGATGAGTTCGA,R,no,experimental,25581030,Minch et al. 2015
Rv0023,,Rv0023,Dual,Rv0456A,,mazF1,,TCGATGTTTTCGT,R,no,experimental,25581030,Minch et al. 2015
Rv0023,,Rv0023,Dual,Rv0657c,,vapB6,,TCCGACGGTATCGAAG,R,no,experimental,25581030,Minch et al. 2015
Rv0023,,Rv0023,Dual,Rv0668,,rpoC,OP_Rv0667,TCGAAGAAGTTGACGTC,R,no,experimental,25581030,Minch et al. 2015
Rv0023,,Rv0023,Dual,Rv0961,,Rv0961,,GTAGCCGACGATGTT;GTAGCCGACGATGTT,R,no,experimental,25581030,Minch et al. 2015
Rv0023,,Rv0023,Dual,Rv1159,,pimE,,,R,no,experimental,25581030,Minch et al. 2015
Rv0023,,Rv0023,Dual,Rv1503c,,Rv1503c,,CGAATTAGTCGCTGCC,R,no,experimental,25581030,Minch et al. 2015
Rv0023,,Rv0023,Dual,Rv1638A,,Rv1638A,OP_Rv1633,TCGACGAACTCGCCGC,R,no,experimental,25581030,Minch et al. 2015
Rv0023,,Rv0023,Dual,Rv1918c,,PPE35,,,R,no,experimental,25581030,Minch et al. 2015
Rv0023,,Rv0023,Dual,Rv2000,,Rv2000,,GCCGACGAGATCGC,R,no,experimental,25581030,Minch et al. 2015
Rv0023,,Rv0023,Dual,Rv2323c,,Rv2323c,OP_Rv2313c,TCGCCGACAATATAGATCC;TCGCCGACAATATAGATCC,R,no,experimental,25581030,Minch et al. 2015
Rv0023,,Rv0023,Dual,Rv2452c,,Rv2452c,,CGATGCCGAAGTGG;CGATGCCGAAGTGG,R,no,experimental,25581030,Minch et al. 2015
Rv0023,,Rv0023,Dual,Rv2723,,Rv2723,,AGGACGTAGTCGA,R,no,experimental,25581030,Minch et al. 2015
Rv0023,,Rv0023,Dual,Rv2779c,,Rv2779c,,GGTCGACGTCTTCGGCACC;GGTCGACGTCTTCGGCACC,R,no,experimental,25581030,Minch et al. 2015
Rv0023,,Rv0023,Dual,Rv2905,,lppW,,TGTCGACGAAGT,R,no,experimental,25581030,Minch et al. 2015
Rv0023,,Rv0023,Dual,Rv2936,,drrA,OP_Rv2930,CGATGCCGACCACGTC,R,no,experimental,25581030,Minch et al. 2015
Rv0023,,Rv0023,Dual,Rv2948c,,fadD22,OP_Rv2946c,GACACCGAGGTTATCGG;GACACCGAGGTTATCGG,R,no,experimental,25581030,Minch et al. 2015
Rv0023,,Rv0023,Dual,Rv2967c,,pca,,GTCGACTTTTTCGATG,R,no,experimental,25581030,Minch et al. 2015
Rv0023,,Rv0023,Dual,Rv3868,,eccA1,OP_Rv3867,CGAAGCCGAAGTGTTCGCCACC,R,no,experimental,25581030,Minch et al. 2015
Rv0023,,Rv0023,Dual,Rv3876,,espI,,GTCGCCGACGAT,R,no,experimental,25581030,Minch et al. 2015
Rv0023,,Rv0023,Dual,Rv1184c,,Rv1184c,,CGACGTTGTCGC,R,no,experimental,25581030,Minch et al. 2015
Rv0023,,Rv0023,Dual,Rv1230c,,Rv1230c,OP_Rv1226c,GACGTGGTCGCTGAC,R,no,experimental,25581030,Minch et al. 2015
Rv0023,,Rv0023,Dual,Rv1326c,,glgB,,CGATGCGGATGTAATTGG,R,no,experimental,25581030,Minch et al. 2015
Rv0023,,Rv0023,Dual,Rv1339,,Rv1339,,ACGTAGACGATGT;ACGTAGACGATGT,R,no,experimental,25581030,Minch et al. 2015
Rv0023,,Rv0023,Dual,Rv1497,,lipL,,CCGACGGTTTCGAT,R,no,experimental,25581030,Minch et al. 2015
Rv0023,,Rv0023,Dual,Rv1534,,Rv1534,OP_Rv1530,GCAGACGTCGTTGTCGAC;GCAGACGTCGTTGTCGAC,R,no,experimental,25581030,Minch et al. 2015
Rv0023,,Rv0023,Dual,Rv2463,,lipP,,GGCGTCGACGTCGT,R,no,experimental,25581030,Minch et al. 2015
Rv0023,,Rv0023,Dual,Rv2474c,,Rv2474c,OP_Rv2472,GCCGATGGTATCGCTGAC,R,no,experimental,25581030,Minch et al. 2015
Rv0023,,Rv0023,Dual,Rv2500c,,fadE19,OP_Rv2498c,CGAAGTAGTCGCCGCC;CGAAGTAGTCGCCGCC,R,no,experimental,25581030,Minch et al. 2015
Rv0023,,Rv0023,Dual,Rv2722,,Rv2722,,AGACGGTATCGC;AGACGGTATCGC,R,no,experimental,25581030,Minch et al. 2015
Rv0023,,Rv0023,Dual,Rv2990c,,Rv2990c,,TGACGATGTCGGCG,R,no,experimental,25581030,Minch et al. 2015
Rv0023,,Rv0023,Dual,Rv3150,,nuoF,OP_Rv3145,GTCGAAGA,R,no,experimental,25581030,Minch et al. 2015
Rv0023,,Rv0023,Dual,Rv3151,,nuoG,OP_Rv3145,GTCGAAGA,R,no,experimental,25581030,Minch et al. 2015
Rv0023,,Rv0023,Dual,Rv3216,,Rv3216,,AGGTCGACGAGATAGCCG,R,no,experimental,25581030,Minch et al. 2015
Rv0023,,Rv0023,Dual,Rv3499c,,mce4A,OP_Rv3492c,,R,no,experimental,25581030,Minch et al. 2015
Rv0023,,Rv0023,Dual,Rv3500c,,yrbE4B,OP_Rv3492c,,R,no,experimental,25581030,Minch et al. 2015
Rv0023,,Rv0023,Dual,Rv3631,,Rv3631,,CGCAGACGACGTGGTCGAAGA,R,no,experimental,25581030,Minch et al. 2015
Rv0047c,,Rv0047c,Dual,Rv0047c,,Rv0047c,OP_Rv0046c,AATATATCGAGG,A,no,experimental,25581030,Minch et al. 2015
Rv0047c,,Rv0047c,Dual,Rv0101,,nrp,OP_Rv0097,,A,no,experimental,25581030,Minch et al. 2015
Rv0047c,,Rv0047c,Dual,Rv1964,,yrbE3A,,CTAGCAAGATACATCA,A,no,experimental,25581030,Minch et al. 2015
Rv0047c,,Rv0047c,Dual,Rv0046c,,ino1,,AATATATCGAGG,R,no,experimental,25581030,Minch et al. 2015
Rv0047c,,Rv0047c,Dual,Rv0722,,rpmD,OP_Rv0714,,R,no,experimental,25581030,Minch et al. 2015
Rv0047c,,Rv0047c,Dual,Rv3655c,,Rv3655c,OP_Rv3652,,R,no,experimental,25581030,Minch et al. 2015
Rv0067c,,Rv0067c,Dual,Rv0067c,,Rv0067c,,,A,no,experimental,25581030,Minch et al. 2015
Rv0067c,,Rv0067c,Dual,Rv0068,,Rv0068,,,R,no,experimental,25581030,Minch et al. 2015
Rv0078,,Rv0078,Dual,Rv0078,,Rv0078,,,A,no,experimental,25581030,Minch et al. 2015
Rv0078,,Rv0078,Dual,Rv0077c,,Rv0077c,,,R,no,experimental,25581030,Minch et al. 2015
Rv0081,,Rv0081,Dual,Rv0188,,Rv0188,,,A,no,experimental,25581030,Minch et al. 2015
Rv0081,,Rv0081,Dual,Rv0196,,Rv0196,,GCGAGGAGTTCAT,A,no,experimental,25581030,Minch et al. 2015
Rv0081,,Rv0081,Dual,Rv0208c,,Rv0208c,OP_Rv0207c,,A,no,experimental,25581030,Minch et al. 2015
Rv0081,,Rv0081,Dual,Rv0293c,,Rv0293c,,,A,no,experimental,25581030,Minch et al. 2015
Rv0081,,Rv0081,Dual,Rv0331,,Rv0331,,,A,no,experimental,25581030,Minch et al. 2015
Rv0081,,Rv0081,Dual,Rv0341,,iniB,,,A,no,experimental,25581030,Minch et al. 2015
Rv0081,,Rv0081,Dual,Rv0467,,icl1,,,A,no,experimental,25581030,Minch et al. 2015
Rv0081,,Rv0081,Dual,Rv0493c,,Rv0493c,OP_Rv0492c,,A,no,experimental,25581030,Minch et al. 2015
Rv0081,,Rv0081,Dual,Rv0576,,Rv0576,,GGCGACGACTTCA,A,no,experimental,25581030,Minch et al. 2015
Rv0081,,Rv0081,Dual,Rv0579,,Rv0579,,,A,no,experimental,25581030,Minch et al. 2015
Rv0081,,Rv0081,Dual,Rv0608,,vapB28,,,A,no,experimental,25581030,Minch et al. 2015
Rv0081,,Rv0081,Dual,Rv0654,,Rv0654,,GCGACAAGAAGAT,A,no,experimental,25581030,Minch et al. 2015
Rv0081,,Rv0081,Dual,Rv0695,,Rv0695,,CGAAGAGATGAACTT;CGAAGAGATGAACTT,A,no,experimental,25581030,Minch et al. 2015
Rv0081,,Rv0081,Dual,Rv0730,,Rv0730,,,A,no,experimental,25581030,Minch et al. 2015
Rv0081,,Rv0081,Dual,Rv0744c,,Rv0744c,OP_Rv0743c,,A,no,experimental,25581030,Minch et al. 2015
Rv0081,,Rv0081,Dual,Rv0837c,,Rv0837c,,,A,no,experimental,25581030,Minch et al. 2015
Rv0081,,Rv0081,Dual,Rv0967,,csoR,,TGCGTGGACGTGATGAA,A,no,experimental,25581030,Minch et al. 2015
Rv0081,,Rv0081,Dual,Rv1048c,,Rv1048c,,TCGAGGTGATGAG,A,no,experimental,25581030,Minch et al. 2015
Rv0081,,Rv0081,Dual,Rv1190,,Rv1190,,,A,no,experimental,25581030,Minch et al. 2015
Rv0081,,Rv0081,Dual,Rv1192,,Rv1192,,GCGATGACATCG;GCGATGACATCG,A,no,experimental,25581030,Minch et al. 2015
Rv0081,,Rv0081,Dual,Rv1302,,rfe,,GCGATGAGG;GCGATGAGG,A,no,experimental,25581030,Minch et al. 2015
Rv0081,,Rv0081,Dual,Rv1343c,,lprD,OP_Rv1342c,GGCGATGAGGTCATG,A,no,experimental,25581030,Minch et al. 2015
Rv0081,,Rv0081,Dual,Rv1674c,,Rv1674c,,,A,no,experimental,25581030,Minch et al. 2015
Rv0081,,Rv0081,Dual,Rv1687c,,Rv1687c,OP_Rv1683,AACATGACCTGATC,A,no,experimental,25581030,Minch et al. 2015
Rv0081,,Rv0081,Dual,Rv1688,,mpg,,GATGAGG--------TGAT,A,no,experimental,25581030,Minch et al. 2015
Rv0081,,Rv0081,Dual,Rv1690,,lprJ,,GAGGTGATGAGA,A,no,experimental,25581030,Minch et al. 2015
Rv0081,,Rv0081,Dual,Rv1811,,mgtC,,,A,no,experimental,25581030,Minch et al. 2015
Rv0081,,Rv0081,Dual,Rv1814,,erg3,,GAAGTCATGATGTC,A,no,experimental,25581030,Minch et al. 2015
Rv0081,,Rv0081,Dual,Rv1875,,Rv1875,OP_Rv1874,TGCGCCGAGTTCAT,A,no,experimental,25581030,Minch et al. 2015
Rv0081,,Rv0081,Dual,Rv1920,,Rv1920,,,A,no,experimental,25581030,Minch et al. 2015
Rv0081,,Rv0081,Dual,Rv1936,,Rv1936,OP_Rv1933c,GGCGACGATCAGAT,A,no,experimental,25581030,Minch et al. 2015
Rv0081,,Rv0081,Dual,Rv1963c,,mce3R,,,A,no,experimental,25581030,Minch et al. 2015
Rv0081,,Rv0081,Dual,Rv1964,,yrbE3A,,,A,no,experimental,25581030,Minch et al. 2015
Rv0081,,Rv0081,Dual,Rv1975,,Rv1975,,CGAGGTCATG,A,no,experimental,25581030,Minch et al. 2015
Rv0081,,Rv0081,Dual,Rv1985c,,Rv1985c,,,A,no,experimental,25581030,Minch et al. 2015
Rv0081,,Rv0081,Dual,Rv1990c,,Rv1990c,OP_Rv1989c,,A,no,experimental,25581030,Minch et al. 2015
Rv0081,,Rv0081,Dual,Rv1994c,,cmtR,,CGAGGTGATG,A,no,experimental,25581030,Minch et al. 2015
Rv0081,,Rv0081,Dual,Rv2034,,Rv2034,OP_Rv2028c,GCCGAGGACATG,A,no,experimental,25581030,Minch et al. 2015
Rv0081,,Rv0081,Dual,Rv2100,,Rv2100,,,A,no,experimental,25581030,Minch et al. 2015
Rv0081,,Rv0081,Dual,Rv2107,,PE22,,,A,no,experimental,25581030,Minch et al. 2015
Rv0081,,Rv0081,Dual,Rv2132,,Rv2132,,GAGTCGAGGACATGCAGTC,A,no,experimental,25581030,Minch et al. 2015
Rv0081,,Rv0081,Dual,Rv2452c,,Rv2452c,,TCGACGAGATCAT;TCGACGAGATCAT,A,no,experimental,25581030,Minch et al. 2015
Rv0081,,Rv0081,Dual,Rv3076,,Rv3076,,,A,no,experimental,25581030,Minch et al. 2015
Rv0081,,Rv0081,Dual,Rv3112,,moaD1,OP_Rv3109,,A,no,experimental,25581030,Minch et al. 2015
Rv0081,,Rv0081,Dual,Rv3124,,moaR1,,GAGATGAGATCG,A,no,experimental,25581030,Minch et al. 2015
Rv0081,,Rv0081,Dual,Rv3140,,fadE23,OP_Rv3139,,A,no,experimental,25581030,Minch et al. 2015
Rv0081,,Rv0081,Dual,Rv3142c,,Rv3142c,,,A,no,experimental,25581030,Minch et al. 2015
Rv0081,,Rv0081,Dual,Rv3180c,,Rv3180c,,GTGATGACGACCTC,A,no,experimental,25581030,Minch et al. 2015
Rv0081,,Rv0081,Dual,Rv3250c,,rubB,OP_Rv3249c,,A,no,experimental,25581030,Minch et al. 2015
Rv0081,,Rv0081,Dual,Rv3348,,Rv3348,,TGAGACGATGAGGT,A,no,experimental,25581030,Minch et al. 2015
Rv0081,,Rv0081,Dual,Rv3502c,,Rv3502c,,CGACGAGCAGAAGAGGTTT,A,no,experimental,25581030,Minch et al. 2015
Rv0081,,Rv0081,Dual,Rv3527,,Rv3527,OP_Rv3526,GAAGAGATGAC,A,no,experimental,25581030,Minch et al. 2015
Rv0081,,Rv0081,Dual,Rv3545c,,cyp125,OP_Rv3540c,CGTTGAGACGATGA,A,no,experimental,25581030,Minch et al. 2015
Rv0081,,Rv0081,Dual,Rv3546,,fadA5,,,A,no,experimental,25581030,Minch et al. 2015
Rv0081,,Rv0081,Dual,Rv3571,,kshB,OP_Rv3567c,,A,no,experimental,25581030,Minch et al. 2015
Rv0081,,Rv0081,Dual,Rv3675,,Rv3675,,,A,no,experimental,25581030,Minch et al. 2015
Rv0081,,Rv0081,Dual,Rv3734c,,tgs2,OP_Rv3733c,GATCTGATGATG,A,no,experimental,25581030,Minch et al. 2015
Rv0081,,Rv0081,Dual,Rv3830c,,Rv3830c,OP_Rv3827c,,A,no,experimental,25581030,Minch et al. 2015
Rv0081,,Rv0081,Dual,Rv3831,,Rv3831,,ATGACGTTGACG,A,no,experimental,25581030,Minch et al. 2015
Rv0081,,Rv0081,Dual,Rv3844,,Rv3844,,TGAGTAGATGAGCGCGA,A,no,experimental,25581030,Minch et al. 2015
Rv0081,,Rv0081,Dual,Rv3848,,Rv3848,,,A,no,experimental,25581030,Minch et al. 2015
Rv0081,,Rv0081,Dual,Rv0319,,pcp,,,R,no,experimental,25581030,Minch et al. 2015
Rv0081,,Rv0081,Dual,Rv0323c,,Rv0323c,,,R,no,experimental,25581030,Minch et al. 2015
Rv0081,,Rv0081,Dual,Rv0324,,Rv0324,,ATCATGATGTCG;ATCATGATGTCG,R,no,experimental,25581030,Minch et al. 2015
Rv0081,,Rv0081,Dual,Rv0351,,grpE,OP_Rv0350,GATGAGGTTGTC,R,no,experimental,25581030,Minch et al. 2015
Rv0081,,Rv0081,Dual,Rv0352,,dnaJ1,OP_Rv0350,GATGAGGTTGTC,R,no,experimental,25581030,Minch et al. 2015
Rv0081,,Rv0081,Dual,Rv0405,,pks6,OP_Rv0402c,TCGTAGAGAACATG,R,no,experimental,25581030,Minch et al. 2015
Rv0081,,Rv0081,Dual,Rv0413,,mutT3,,TCGTCGAGATGA;TCGTCGAGATGA,R,no,experimental,25581030,Minch et al. 2015
Rv0081,,Rv0081,Dual,Rv1033c,,trcR,OP_Rv1023,,R,no,experimental,25581030,Minch et al. 2015
Rv0081,,Rv0081,Dual,Rv0032,,bioF2,,CGAGTTGATG,A,no,experimental,25581030,Minch et al. 2015
Rv0081,,Rv0081,Dual,Rv0076c,,Rv0076c,,GATGACGTGTTC,A,no,experimental,25581030,Minch et al. 2015
Rv0081,,Rv0081,Dual,Rv0113,,gmhA,,TAGATGATCTTTT,A,no,experimental,25581030,Minch et al. 2015
Rv0081,,Rv0081,Dual,Rv0115,,hddA,OP_Rv0114,AGGAGATGAGATCGCC,A,no,experimental,25581030,Minch et al. 2015
Rv0081,,Rv0081,Dual,Rv0474,,Rv0474,,TGACGAGGACAT,A,no,experimental,25581030,Minch et al. 2015
Rv0081,,Rv0081,Dual,Rv0503c,,cmaA2,OP_Rv0501,,A,no,experimental,25581030,Minch et al. 2015
Rv0081,,Rv0081,Dual,Rv1013,,pks16,,,A,no,experimental,25581030,Minch et al. 2015
Rv0081,,Rv0081,Dual,Rv1113,,vapB32,,,A,no,experimental,25581030,Minch et al. 2015
Rv0081,,Rv0081,Dual,Rv1129c,,Rv1129c,,,A,no,experimental,25581030,Minch et al. 2015
Rv0081,,Rv0081,Dual,Rv1221,,sigE,,CGCCGAGGTGAT,A,no,experimental,25581030,Minch et al. 2015
Rv0081,,Rv0081,Dual,Rv1256c,,cyp130,OP_Rv1255c,ATCTGATGATCTC,A,no,experimental,25581030,Minch et al. 2015
Rv0081,,Rv0081,Dual,Rv1265,,Rv1265,,GGCGACGCGGTCATG,A,no,experimental,25581030,Minch et al. 2015
Rv0081,,Rv0081,Dual,Rv1317c,,alkA,OP_Rv1316c,CGTCGAGCCGACGATGTCG,A,no,experimental,25581030,Minch et al. 2015
Rv0081,,Rv0081,Dual,Rv1320c,,Rv1320c,OP_Rv1318c,AGTTGAACCGACGATGTCGAC,A,no,experimental,25581030,Minch et al. 2015
Rv0081,,Rv0081,Dual,Rv1406,,fmt,,AGAAGAGGTGATG,A,no,experimental,25581030,Minch et al. 2015
Rv0081,,Rv0081,Dual,Rv1425,,Rv1425,,,A,no,experimental,25581030,Minch et al. 2015
Rv0081,,Rv0081,Dual,Rv1463,,Rv1463,OP_Rv1460,,A,no,experimental,25581030,Minch et al. 2015
Rv0081,,Rv0081,Dual,Rv1533,,Rv1533,OP_Rv1530,,A,no,experimental,25581030,Minch et al. 2015
Rv0081,,Rv0081,Dual,Rv2108,,PPE36,OP_Rv2107,,A,no,experimental,25581030,Minch et al. 2015
Rv0081,,Rv0081,Dual,Rv2302,,Rv2302,,GTGATGAGCACATC,A,no,experimental,25581030,Minch et al. 2015
Rv0081,,Rv0081,Dual,Rv2307A,,Rv2307A,,,A,no,experimental,25581030,Minch et al. 2015
Rv0081,,Rv0081,Dual,Rv2307c,,Rv2307c,,,A,no,experimental,25581030,Minch et al. 2015
Rv0081,,Rv0081,Dual,Rv2323c,,Rv2323c,OP_Rv2313c,GGCGACGAGATC;GGCGACGAGATC,A,no,experimental,25581030,Minch et al. 2015
Rv0081,,Rv0081,Dual,Rv2358,,smtB,,GATGAGATGGTC,A,no,experimental,25581030,Minch et al. 2015
Rv0081,,Rv0081,Dual,Rv2505c,,fadD35,OP_Rv2498c,GAAGATGATCTCCTC,A,no,experimental,25581030,Minch et al. 2015
Rv0081,,Rv0081,Dual,Rv2516c,,Rv2516c,,GACGAGTCCATGATGAT,A,no,experimental,25581030,Minch et al. 2015
Rv0081,,Rv0081,Dual,Rv2517c,,Rv2517c,OP_Rv2516c,GACGAGTCCATGATGAT;GACGAGTCCATGATGAT,A,no,experimental,25581030,Minch et al. 2015
Rv0081,,Rv0081,Dual,Rv2526,,vapB17,,,A,no,experimental,25581030,Minch et al. 2015
Rv0081,,Rv0081,Dual,Rv2549c,,vapC20,,GGCGGCGAGTTCA,A,no,experimental,25581030,Minch et al. 2015
Rv0081,,Rv0081,Dual,Rv2550c,,vapB20,OP_Rv2549c,GGCGGCGAGTTCA;GGCGGCGAGTTCA,A,no,experimental,25581030,Minch et al. 2015
Rv0081,,Rv0081,Dual,Rv2590,,fadD9,,CGCCGAGATCATGA,A,no,experimental,25581030,Minch et al. 2015
Rv0081,,Rv0081,Dual,Rv2633c,,Rv2633c,,,A,no,experimental,25581030,Minch et al. 2015
Rv0081,,Rv0081,Dual,Rv2712c,,Rv2712c,,GATGATGATGTAGTCG,A,no,experimental,25581030,Minch et al. 2015
Rv0081,,Rv0081,Dual,Rv2713,,sthA,,,A,no,experimental,25581030,Minch et al. 2015
Rv0081,,Rv0081,Dual,Rv2724c,,fadE20,,,A,no,experimental,25581030,Minch et al. 2015
Rv0081,,Rv0081,Dual,Rv2827c,,Rv2827c,,,A,no,experimental,25581030,Minch et al. 2015
Rv0081,,Rv0081,Dual,Rv3017c,,esxQ,,,A,no,experimental,25581030,Minch et al. 2015
Rv0081,,Rv0081,Dual,Rv3055,,Rv3055,,,A,no,experimental,25581030,Minch et al. 2015
Rv0081,,Rv0081,Dual,Rv3065,,mmr,,,A,no,experimental,25581030,Minch et al. 2015
Rv0081,,Rv0081,Dual,Rv3181c,,Rv3181c,OP_Rv3180c,,A,no,experimental,25581030,Minch et al. 2015
Rv0081,,Rv0081,Dual,Rv3252c,,alkB,OP_Rv3249c,,A,no,experimental,25581030,Minch et al. 2015
Rv0081,,Rv0081,Dual,Rv3290c,,lat,,,A,no,experimental,25581030,Minch et al. 2015
Rv0081,,Rv0081,Dual,Rv3371,,Rv3371,,,A,no,experimental,25581030,Minch et al. 2015
Rv0081,,Rv0081,Dual,Rv3547,,ddn,,CATCGAGGCGATGAG,A,no,experimental,25581030,Minch et al. 2015
Rv0081,,Rv0081,Dual,Rv3743c,,ctpJ,,,A,no,experimental,25581030,Minch et al. 2015
Rv0081,,Rv0081,Dual,Rv3862c,,whiB6,,,A,no,experimental,25581030,Minch et al. 2015
Rv0081,,Rv0081,Dual,Rv0082,,Rv0082,OP_Rv0081,GACGAGTTGAAGAATTT,R,no,experimental,25581030,Minch et al. 2015
Rv0081,,Rv0081,Dual,Rv0320,,Rv0320,,,R,no,experimental,25581030,Minch et al. 2015
Rv0081,,Rv0081,Dual,Rv0397,,Rv0397,,GGCGAAGAGGTG,R,no,experimental,25581030,Minch et al. 2015
Rv0081,,Rv0081,Dual,Rv0506,,mmpS2,,CGACGAGATCAT,R,no,experimental,25581030,Minch et al. 2015
Rv0081,,Rv0081,Dual,Rv0578c,,PE_PGRS7,,GACGAGGTGAT,R,no,experimental,25581030,Minch et al. 2015
Rv0081,,Rv0081,Dual,Rv0747,,PE_PGRS10,,,R,no,experimental,25581030,Minch et al. 2015
Rv0081,,Rv0081,Dual,Rv1424c,,Rv1424c,,,R,no,experimental,25581030,Minch et al. 2015
Rv0081,,Rv0081,Dual,Rv1672c,,Rv1672c,,,R,no,experimental,25581030,Minch et al. 2015
Rv0081,,Rv0081,Dual,Rv2148c,,Rv2148c,OP_Rv2147c,TGATGACGACG,R,no,experimental,25581030,Minch et al. 2015
Rv0081,,Rv0081,Dual,Rv2150c,,ftsZ,OP_Rv2147c,TGATGACGACG,R,no,experimental,25581030,Minch et al. 2015
Rv0081,,Rv0081,Dual,Rv2162c,,PE_PGRS38,,,R,no,experimental,25581030,Minch et al. 2015
Rv0081,,Rv0081,Dual,Rv2172c,,Rv2172c,,,R,no,experimental,25581030,Minch et al. 2015
Rv0081,,Rv0081,Dual,Rv2196,,qcrB,OP_Rv2189c,TCATGAGGTCGTC,R,no,experimental,25581030,Minch et al. 2015
Rv0081,,Rv0081,Dual,Rv2463,,lipP,,TGACGATTTGAT,R,no,experimental,25581030,Minch et al. 2015
Rv0081,,Rv0081,Dual,Rv2594c,,ruvC,OP_Rv2592c,GCGAGGACTCGATGACGC,R,no,experimental,25581030,Minch et al. 2015
Rv0081,,Rv0081,Dual,Rv2809,,Rv2809,,,R,no,experimental,25581030,Minch et al. 2015
Rv0081,,Rv0081,Dual,Rv3005c,,Rv3005c,,CGTCGAGGAGAT,R,no,experimental,25581030,Minch et al. 2015
Rv0081,,Rv0081,Dual,Rv3075c,,Rv3075c,,ATGATGATGTC,R,no,experimental,25581030,Minch et al. 2015
Rv0081,,Rv0081,Dual,Rv3096,,Rv3096,,CGGCGAGGAGAT;CGGCGAGGAGAT,R,no,experimental,25581030,Minch et al. 2015
Rv0081,,Rv0081,Dual,Rv1075c,,Rv1075c,,,R,no,experimental,25581030,Minch et al. 2015
Rv0081,,Rv0081,Dual,Rv1158c,,Rv1158c,OP_Rv1157c,,R,no,experimental,25581030,Minch et al. 2015
Rv0081,,Rv0081,Dual,Rv1230c,,Rv1230c,OP_Rv1226c,,R,no,experimental,25581030,Minch et al. 2015
Rv0081,,Rv0081,Dual,Rv1435c,,Rv1435c,,GCGCAGAGATGATCACCT,R,no,experimental,25581030,Minch et al. 2015
Rv0081,,Rv0081,Dual,Rv1441c,,PE_PGRS26,,CGACGATGACAT,R,no,experimental,25581030,Minch et al. 2015
Rv0081,,Rv0081,Dual,Rv1646,,PE17,,,R,no,experimental,25581030,Minch et al. 2015
Rv0081,,Rv0081,Dual,Rv3144c,,PPE52,,CGAGATGATG,R,no,experimental,25581030,Minch et al. 2015
Rv0081,,Rv0081,Dual,Rv3146,,nuoB,OP_Rv3145,CGAGATGATG,R,no,experimental,25581030,Minch et al. 2015
Rv0081,,Rv0081,Dual,Rv3150,,nuoF,OP_Rv3145,CGAGATGATG,R,no,experimental,25581030,Minch et al. 2015
Rv0081,,Rv0081,Dual,Rv3151,,nuoG,OP_Rv3145,CGAGATGATG,R,no,experimental,25581030,Minch et al. 2015
Rv0081,,Rv0081,Dual,Rv3219,,whiB1,,CGAGACGATGACGTT,R,no,experimental,25581030,Minch et al. 2015
Rv0081,,Rv0081,Dual,Rv3260c,,whiB2,,,R,no,experimental,25581030,Minch et al. 2015
Rv0081,,Rv0081,Dual,Rv3413c,,Rv3413c,OP_Rv3410c,,R,no,experimental,25581030,Minch et al. 2015
Rv0081,,Rv0081,Dual,Rv3514,,PE_PGRS57,,TCGACGAGGTGA,R,no,experimental,25581030,Minch et al. 2015
Rv0081,,Rv0081,Dual,Rv3613c,,Rv3613c,,,R,no,experimental,25581030,Minch et al. 2015
Rv0081,,Rv0081,Dual,Rv3728,,Rv3728,,GACAAGATGAGG,R,no,experimental,25581030,Minch et al. 2015
Rv0081,,Rv0081,Dual,Rv3811,,Rv3811,,CGAGCTGATG,R,no,experimental,25581030,Minch et al. 2015
Rv0135c,,Rv0135c,Dual,Rv0135c,,Rv0135c,,GAACCGGTCGTAGA,A,no,experimental,25581030,Minch et al. 2015
Rv0135c,,Rv0135c,Dual,Rv0136,,cyp138,,GAACCGGTCGTAGA,R,no,experimental,25581030,Minch et al. 2015
Rv0135c,,Rv0135c,Dual,Rv0749A,,Rv0749A,,GCGTTGATGA,R,no,experimental,25581030,Minch et al. 2015
Rv0135c,,Rv0135c,Dual,Rv1919c,,Rv1919c,,CTCGGAGTTGATG,R,no,experimental,25581030,Minch et al. 2015
Rv0135c,,Rv0135c,Dual,Rv2204c,,Rv2204c,,TCCGGTCGTCGAAGA,R,no,experimental,25581030,Minch et al. 2015
Rv0135c,,Rv0135c,Dual,Rv2884,,Rv2884,,CTGCCGTTGCGGG,R,no,experimental,25581030,Minch et al. 2015
Rv0135c,,Rv0135c,Dual,Rv3312A,,Rv3312A,,GATCCGGTTCCGGGA,R,no,experimental,25581030,Minch et al. 2015
Rv0135c,,Rv0135c,Dual,Rv0520,,Rv0520,,TGCTGCCGATGCTGACCTCGATG,R,no,experimental,25581030,Minch et al. 2015
Rv0135c,,Rv0135c,Dual,Rv1815,,Rv1815,,GTGCCGATCCGGTCT,R,no,experimental,25581030,Minch et al. 2015
Rv0135c,,Rv0135c,Dual,Rv2339,,mmpL9,,TTCCGAAGCCGTTGTT,R,no,experimental,25581030,Minch et al. 2015
Rv0135c,,Rv0135c,Dual,Rv3400,,Rv3400,,,R,no,experimental,25581030,Minch et al. 2015
Rv0195,,Rv0195,Dual,Rv0076c,,Rv0076c,,ACTATGGCGACGGGT;ACTATGGCGACGGGT,A,no,experimental,25581030,Minch et al. 2015
Rv0195,,Rv0195,Dual,Rv0194,,Rv0194,,CTGCCCGAAAGG,A,no,experimental,25581030,Minch et al. 2015
Rv0195,,Rv0195,Dual,Rv0191,,Rv0191,,AACTTCGCGGCCGA,R,no,experimental,25581030,Minch et al. 2015
Rv0195,,Rv0195,Dual,Rv2700,,Rv2700,,,A,no,experimental,25581030,Minch et al. 2015
Rv0238,,Rv0238,R,Rv0243,,fadA2,,TCTTACTCTGAAGTAAGTTaG,R,no,experimental,25581030,Minch et al. 2015
Rv0238,,Rv0238,R,Rv3029c,,fixA,OP_Rv3028c,AACTTACCGAATAGTAATATcGCTG,R,no,experimental,25581030,Minch et al. 2015
Rv0238,,Rv0238,R,Rv3139,,fadE24,,ATCTTACTCCGGAGTAAGATaGGGG,R,no,experimental,25581030,Minch et al. 2015
Rv0238,,Rv0238,R,Rv0242c,,fabG4,OP_Rv0241c,TCTTACTCTGAAGTAAGTTaG,R,no,experimental,25581030,Minch et al. 2015
Rv0238,,Rv0238,R,Rv3030,,Rv3030,OP_Rv3028c,AACTTACCGAATAGTAATATcGCTG,R,no,experimental,25581030,Minch et al. 2015
Rv0273c,,Rv0273c,Dual,Rv0273c,,Rv0273c,OP_Rv0272c,CTGGTGATGTCG,A,no,experimental,25581030,Minch et al. 2015
Rv0273c,,Rv0273c,Dual,Rv0274,,Rv0274,,CGCGCACTACCAGATCGAT,R,no,experimental,25581030,Minch et al. 2015
Rv0273c,,Rv0273c,Dual,Rv3759c,,proX,OP_Rv3755c,GGTTGATCACCACGTCGA,R,no,experimental,25581030,Minch et al. 2015
Rv0273c,,Rv0273c,Dual,Rv0029,,Rv0029,,CCGTTGAAGTGCTAG,A,no,experimental,25581030,Minch et al. 2015
Rv0275c,,Rv0275c,Dual,Rv0275c,,Rv0275c,,GAAGGCCTCCCGGCGCTGCCG,A,no,experimental,25581030,Minch et al. 2015
Rv0275c,,Rv0275c,Dual,Rv0276,,Rv0276,,CGAGACGCAGGTGTCC,R,no,experimental,25581030,Minch et al. 2015
Rv0275c,,Rv0275c,Dual,Rv0520,,Rv0520,,ACTGGAAACGGCTGGTACCG,R,no,experimental,25581030,Minch et al. 2015
Rv0302,,Rv0302,Dual,Rv0302,,Rv0302,,CGCGTTCGATCC,A,no,experimental,25581030,Minch et al. 2015
Rv0302,,Rv0302,Dual,Rv0093c,,Rv0093c,,GACGGATTGCTCCA;GACGGATTGCTCCA,R,no,experimental,25581030,Minch et al. 2015
Rv0302,,Rv0302,Dual,Rv0807,,Rv0807,,GATGGATCCACCGA,R,no,experimental,25581030,Minch et al. 2015
Rv0302,,Rv0302,Dual,Rv1511,,gmdA,,GACGGAGTGCTCACT,R,no,experimental,25581030,Minch et al. 2015
Rv0302,,Rv0302,Dual,Rv2691,,ceoB,,GATGGCGCCGTTGATC,R,no,experimental,25581030,Minch et al. 2015
Rv0302,,Rv0302,Dual,Rv3794,,embA,OP_Rv3790,GACGGCGAGATCCGT,R,no,experimental,25581030,Minch et al. 2015
Rv0324,,Rv0324,Dual,Rv0034,,Rv0034,OP_Rv0032,AGCTCGGTGATCAAC,A,no,experimental,25581030,Minch et al. 2015
Rv0324,,Rv0324,Dual,Rv0058,,dnaB,OP_Rv0057,GTCATCAACG,A,no,experimental,25581030,Minch et al. 2015
Rv0324,,Rv0324,Dual,Rv0097,,Rv0097,,,A,no,experimental,25581030,Minch et al. 2015
Rv0324,,Rv0324,Dual,Rv0324,,Rv0324,,TCAGCTCGTTGAG,A,no,experimental,25581030,Minch et al. 2015
Rv0324,,Rv0324,Dual,Rv1184c,,Rv1184c,,CACGATGAACATC,A,no,experimental,25581030,Minch et al. 2015
Rv0324,,Rv0324,Dual,Rv1356c,,Rv1356c,OP_Rv1354c,,A,no,experimental,25581030,Minch et al. 2015
Rv0324,,Rv0324,Dual,Rv1587c,,Rv1587c,,GGCATCACCCTGAGCAAC,A,no,experimental,25581030,Minch et al. 2015
Rv0324,,Rv0324,Dual,Rv1889c,,Rv1889c,,TCATCGCGATGGTCA,A,no,experimental,25581030,Minch et al. 2015
Rv0324,,Rv0324,Dual,Rv1910c,,Rv1910c,,GCGCTCAACGACG,A,no,experimental,25581030,Minch et al. 2015
Rv0324,,Rv0324,Dual,Rv1936,,Rv1936,OP_Rv1933c,CGGGAAACACCTTGCTGACCATC,A,no,experimental,25581030,Minch et al. 2015
Rv0324,,Rv0324,Dual,Rv1975,,Rv1975,,CGGGCAGCAGCCCGTAG,A,no,experimental,25581030,Minch et al. 2015
Rv0324,,Rv0324,Dual,Rv1995,,Rv1995,,CCAGTCCGGTGAGCA,A,no,experimental,25581030,Minch et al. 2015
Rv0324,,Rv0324,Dual,Rv2412,,rpsT,,CAACTCGGCGGCCACCAACG,A,no,experimental,25581030,Minch et al. 2015
Rv0324,,Rv0324,Dual,Rv2434c,,Rv2434c,OP_Rv2432c,GGGCTACACCTCGACGA,A,no,experimental,25581030,Minch et al. 2015
Rv0324,,Rv0324,Dual,Rv2452c,,Rv2452c,,GGGCAACACCACTTCG;GGGCAACACCACTTCG,A,no,experimental,25581030,Minch et al. 2015
Rv0324,,Rv0324,Dual,Rv2516c,,Rv2516c,,GGACAGCACCCCGACGGCCAACG,A,no,experimental,25581030,Minch et al. 2015
Rv0324,,Rv0324,Dual,Rv2517c,,Rv2517c,OP_Rv2516c,GGACAGCACCCCGACGGCCAACG;GGACAGCACCCCGACGGCCAACG,A,no,experimental,25581030,Minch et al. 2015
Rv0324,,Rv0324,Dual,Rv2957,,Rv2957,,,A,no,experimental,25581030,Minch et al. 2015
Rv0324,,Rv0324,Dual,Rv3112,,moaD1,OP_Rv3109,TGATCAACGAC,A,no,experimental,25581030,Minch et al. 2015
Rv0324,,Rv0324,Dual,Rv3406,,Rv3406,,GCACCAACTCGATGA,A,no,experimental,25581030,Minch et al. 2015
Rv0324,,Rv0324,Dual,Rv3574,,kstR,,GGCAACAGCACGACG,A,no,experimental,25581030,Minch et al. 2015
Rv0324,,Rv0324,Dual,Rv3636,,Rv3636,,ATCATCTCGGTGA,A,no,experimental,25581030,Minch et al. 2015
Rv0324,,Rv0324,Dual,Rv3902c,,Rv3902c,,,A,no,experimental,25581030,Minch et al. 2015
Rv0324,,Rv0324,Dual,Rv0214,,fadD4,,GCAGCAACGCGCCG,R,no,experimental,25581030,Minch et al. 2015
Rv0324,,Rv0324,Dual,Rv0268c,,Rv0268c,,ATCATCCCGACGA,R,no,experimental,25581030,Minch et al. 2015
Rv0324,,Rv0324,Dual,Rv0319,,pcp,,CCGCGATCATCA,R,no,experimental,25581030,Minch et al. 2015
Rv0324,,Rv0324,Dual,Rv0331,,Rv0331,,CAACTCGACGAT,R,no,experimental,25581030,Minch et al. 2015
Rv0324,,Rv0324,Dual,Rv0430,,Rv0430,,CGGGCATCATCGCC,R,no,experimental,25581030,Minch et al. 2015
Rv0324,,Rv0324,Dual,Rv0456A,,mazF1,,GGGCACCTATGCGTTGGCCAACA,R,no,experimental,25581030,Minch et al. 2015
Rv0324,,Rv0324,Dual,Rv0458,,Rv0458,,CACCACGCTGGACAGCTA,R,no,experimental,25581030,Minch et al. 2015
Rv0324,,Rv0324,Dual,Rv0578c,,PE_PGRS7,,AGCTCCACGAAC,R,no,experimental,25581030,Minch et al. 2015
Rv0324,,Rv0324,Dual,Rv0632c,,echA3,,GTCATCAGCTCGATGCG,R,no,experimental,25581030,Minch et al. 2015
Rv0324,,Rv0324,Dual,Rv0854,,Rv0854,OP_Rv0848,GCAGCACCACGGTGATC,R,no,experimental,25581030,Minch et al. 2015
Rv0324,,Rv0324,Dual,Rv1005c,,pabB,,CATCACCACCGCGTCCATCAA;CATCACCACCGCGTCCATCAA,R,no,experimental,25581030,Minch et al. 2015
Rv0324,,Rv0324,Dual,Rv1033c,,trcR,OP_Rv1023,CACCTTGACCAGCAACG,R,no,experimental,25581030,Minch et al. 2015
Rv0324,,Rv0324,Dual,Rv1113,,vapB32,,AGCAGCTCCGC,R,no,experimental,25581030,Minch et al. 2015
Rv0324,,Rv0324,Dual,Rv1435c,,Rv1435c,,CGCGCTGAACATC,R,no,experimental,25581030,Minch et al. 2015
Rv0324,,Rv0324,Dual,Rv1532c,,Rv1532c,,GGCAGCAGCACGTCGA,R,no,experimental,25581030,Minch et al. 2015
Rv0324,,Rv0324,Dual,Rv1533,,Rv1533,OP_Rv1530,CAGCTCCTTGAACA,R,no,experimental,25581030,Minch et al. 2015
Rv0324,,Rv0324,Dual,Rv1646,,PE17,,CATCATCCCGGTGCGCA,R,no,experimental,25581030,Minch et al. 2015
Rv0324,,Rv0324,Dual,Rv1698,,mctB,OP_Rv1697,CGGGCAACACCACCT,R,no,experimental,25581030,Minch et al. 2015
Rv0324,,Rv0324,Dual,Rv1754c,,Rv1754c,,CGAACATCGACG,R,no,experimental,25581030,Minch et al. 2015
Rv0324,,Rv0324,Dual,Rv1830,,Rv1830,,,R,no,experimental,25581030,Minch et al. 2015
Rv0324,,Rv0324,Dual,Rv1952,,vapB14,,,R,no,experimental,25581030,Minch et al. 2015
Rv0324,,Rv0324,Dual,Rv1981c,,nrdF1,,GCACCGCAATGATC,R,no,experimental,25581030,Minch et al. 2015
Rv0324,,Rv0324,Dual,Rv1985c,,Rv1985c,,ACGGGCTACAGCTCCA,R,no,experimental,25581030,Minch et al. 2015
Rv0324,,Rv0324,Dual,Rv1994c,,cmtR,,ACGGACATCACCTCGGT,R,no,experimental,25581030,Minch et al. 2015
Rv0324,,Rv0324,Dual,Rv2131c,,cysQ,,ATCAACTCGTTGA,R,no,experimental,25581030,Minch et al. 2015
Rv0324,,Rv0324,Dual,Rv2132,,Rv2132,,ATCAACTCGTTGA,R,no,experimental,25581030,Minch et al. 2015
Rv0324,,Rv0324,Dual,Rv2145c,,wag31,,GCAGCAGCACCATGATCGA,R,no,experimental,25581030,Minch et al. 2015
Rv0324,,Rv0324,Dual,Rv2193,,ctaE,OP_Rv2189c,AACTCGAAGAACATCG,R,no,experimental,25581030,Minch et al. 2015
Rv0324,,Rv0324,Dual,Rv2222c,,glnA2,,ACGGGCAccaTCAACGCGCTGTACA,R,no,experimental,25581030,Minch et al. 2015
Rv0324,,Rv0324,Dual,Rv2323c,,Rv2323c,OP_Rv2313c,G---CAATTCGATGACCACCAACG;G---CAATTCGATGACCACCAACG,R,no,experimental,25581030,Minch et al. 2015
Rv0324,,Rv0324,Dual,Rv2367c,,Rv2367c,OP_Rv2365c,GGATCAGCTCGGGGTCCATC,R,no,experimental,25581030,Minch et al. 2015
Rv0324,,Rv0324,Dual,Rv2387,,Rv2387,,,R,no,experimental,25581030,Minch et al. 2015
Rv0324,,Rv0324,Dual,Rv2729c,,Rv2729c,,AATATCGCGACGAACA,R,no,experimental,25581030,Minch et al. 2015
Rv0324,,Rv0324,Dual,Rv3017c,,esxQ,,GCACCATCAC,R,no,experimental,25581030,Minch et al. 2015
Rv0324,,Rv0324,Dual,Rv3058c,,Rv3058c,OP_Rv3057c,TCACGCCGTCGTTCAACAAC,R,no,experimental,25581030,Minch et al. 2015
Rv0324,,Rv0324,Dual,Rv3059,,cyp136,,TCACGCCGTCGTTCAACAAC,R,no,experimental,25581030,Minch et al. 2015
Rv0324,,Rv0324,Dual,Rv3172c,,Rv3172c,,GGGCATCAACGCCA,R,no,experimental,25581030,Minch et al. 2015
Rv0324,,Rv0324,Dual,Rv3269,,Rv3269,,CCAGCTCGTCGCGCAACA,R,no,experimental,25581030,Minch et al. 2015
Rv0324,,Rv0324,Dual,Rv0003,,recF,OP_Rv0002,CACCGCGGTGGCCACC,A,no,experimental,25581030,Minch et al. 2015
Rv0324,,Rv0324,Dual,Rv1986,,Rv1986,,GGCAGCATCTCC,R,no,experimental,25581030,Minch et al. 2015
Rv0324,,Rv0324,Dual,Rv3219,,whiB1,,ATCAACAAC,R,no,experimental,25581030,Minch et al. 2015
Rv0324,,Rv0324,Dual,Rv3221c,,TB7.3,,ACACCTCGGCGATCA,R,no,experimental,25581030,Minch et al. 2015
Rv0324,,Rv0324,Dual,Rv3290c,,lat,,GGGCATCATCTGGTTG,R,no,experimental,25581030,Minch et al. 2015
Rv0324,,Rv0324,Dual,Rv3503c,,fdxD,OP_Rv3502c,TGACCATCAAC,R,no,experimental,25581030,Minch et al. 2015
Rv0324,,Rv0324,Dual,Rv3510c,,Rv3510c,OP_Rv3509c,AACGCGATGACCATCGA,R,no,experimental,25581030,Minch et al. 2015
Rv0324,,Rv0324,Dual,Rv3597c,,lsr2,,ACTCCCCGGTCACCAA,R,no,experimental,25581030,Minch et al. 2015
Rv0324,,Rv0324,Dual,Rv3734c,,tgs2,OP_Rv3733c,ATGCCCAACGAC,R,no,experimental,25581030,Minch et al. 2015
Rv0330c,,Rv0330c,A,Rv0330c,,Rv0330c,,TGACCGAGTCAGTCA,A,no,experimental,25581030,Minch et al. 2015
Rv0339c,,Rv0339c,Dual,Rv0339c,,Rv0339c,,CCGGACCGGCGTAGGGGTGCCC,A,no,experimental,25581030,Minch et al. 2015
Rv0339c,,Rv0339c,Dual,Rv0341,,iniB,,CCGGACCGGCGTAGGGGTGCCC,A,no,experimental,25581030,Minch et al. 2015
Rv0339c,,Rv0339c,Dual,Rv2225,,panB,,TCGACTACGACCGCCC,R,no,experimental,25581030,Minch et al. 2015
Rv0465c,,Rv0465c,Dual,Rv0465c,,Rv0465c,OP_Rv0464c,GCTGCGATTGGTG,A,no,experimental,25581030,Minch et al. 2015
Rv0465c,,Rv0465c,Dual,Rv0467,,icl1,,TTGCCGAAATTCGCAA,A,no,experimental,25581030,Minch et al. 2015
Rv0465c,,Rv0465c,Dual,Rv0464c,,Rv0464c,,GGCGAAGTTCGCAGC,R,no,experimental,25581030,Minch et al. 2015
Rv0465c,,Rv0465c,Dual,Rv0466,,Rv0466,,GCTGCGATTGGTG,R,no,experimental,25581030,Minch et al. 2015
Rv0465c,,Rv0465c,Dual,Rv0928,,pstS3,OP_Rv0926c,CCCACGTTGGCGAA,R,no,experimental,25581030,Minch et al. 2015
Rv0465c,,Rv0465c,Dual,Rv0929,,pstC2,OP_Rv0926c,CCCACGTTGGCGAA,R,no,experimental,25581030,Minch et al. 2015
Rv0465c,,Rv0465c,Dual,Rv3139,,fadE24,,GTCGACGTTGGCGGCGTCGA,R,no,experimental,25581030,Minch et al. 2015
Rv0465c,,Rv0465c,Dual,Rv3144c,,PPE52,,TGCCGAGATTAACA,R,no,experimental,25581030,Minch et al. 2015
Rv0472c,,Rv0472c,R,Rv0824c,,desA1,,,R,no,experimental,25581030,Minch et al. 2015
Rv0472c,,Rv0472c,R,Rv1094,,desA2,,AGTTACAGTT,R,no,experimental,25581030,Minch et al. 2015
Rv0472c,,Rv0472c,R,Rv1177,,fdxC,,GTATCAGT,R,no,experimental,25581030,Minch et al. 2015
Rv0474,,Rv0474,A,Rv0474,,Rv0474,,,A,no,experimental,25581030,Minch et al. 2015
Rv0494,,Rv0494,Dual,Rv2514c,,Rv2514c,,GTCGGGTCAATGGAC,A,no,experimental,25581030,Minch et al. 2015
Rv0494,,Rv0494,Dual,Rv0494,,Rv0494,,TGGTTGAGCCAATGAACCA,A,no,experimental,25581030,Minch et al. 2015
Rv0494,,Rv0494,Dual,Rv0467,,icl1,,GGTTGGTCGACC,R,no,experimental,25581030,Minch et al. 2015
Rv0494,,Rv0494,Dual,Rv0493c,,Rv0493c,OP_Rv0492c,TCGACGCGGT,R,no,experimental,25581030,Minch et al. 2015
Rv0494,,Rv0494,Dual,Rv1632c,,Rv1632c,,TCGAGTTCTTCGGCG,R,no,experimental,25581030,Minch et al. 2015
Rv0494,,Rv0494,Dual,Rv3094c,,Rv3094c,OP_Rv3093c,AGTTGGTGGACCA,R,no,experimental,25581030,Minch et al. 2015
Rv0494,,Rv0494,Dual,Rv3786c,,Rv3786c,,GTCGAGTTCCTCA,R,no,experimental,25581030,Minch et al. 2015
Rv0576,,Rv0576,Dual,Rv0166,,fadD5,,AAGGGATAG,R,no,experimental,25581030,Minch et al. 2015
Rv0576,,Rv0576,Dual,Rv1519,,Rv1519,,AGGTAAGGCTAGCCTTAAG,R,no,experimental,25581030,Minch et al. 2015
Rv0576,,Rv0576,Dual,Rv3681c,,whiB4,,AGGACTAACCTCACGG,R,no,experimental,25581030,Minch et al. 2015
Rv0576,,Rv0576,Dual,Rv0576,,Rv0576,,TACGTTAGTGAGCGCTAACGT,A,no,experimental,25581030,Minch et al. 2015
Rv0576,,Rv0576,Dual,Rv0413,,mutT3,,GGGTGCGCCAGCTCAA;GGGTGCGCCAGCTCAA,R,no,experimental,25581030,Minch et al. 2015
Rv0576,,Rv0576,Dual,Rv0516c,,Rv0516c,,,R,no,experimental,25581030,Minch et al. 2015
Rv0576,,Rv0576,Dual,Rv0768,,aldA,OP_Rv0762c,,R,no,experimental,25581030,Minch et al. 2015
Rv0576,,Rv0576,Dual,Rv1986,,Rv1986,,,R,no,experimental,25581030,Minch et al. 2015
Rv0576,,Rv0576,Dual,Rv2034,,Rv2034,OP_Rv2028c,,R,no,experimental,25581030,Minch et al. 2015
Rv0576,,Rv0576,Dual,Rv2336,,Rv2336,,,R,no,experimental,25581030,Minch et al. 2015
Rv0576,,Rv0576,Dual,Rv3660c,,Rv3660c,OP_Rv3656c,CGCCATGGCCAGC,R,no,experimental,25581030,Minch et al. 2015
Rv0576,,Rv0576,Dual,Rv3661,,Rv3661,,,R,no,experimental,25581030,Minch et al. 2015
Rv0602c,,tcrA,Dual,Rv0602c,,tcrA,,,A,no,experimental,25581030,Minch et al. 2015
Rv0602c,,tcrA,Dual,Rv0603,,Rv0603,,,A,no,experimental,25581030,Minch et al. 2015
Rv0602c,,tcrA,Dual,Rv2280,,Rv2280,,,R,no,experimental,25581030,Minch et al. 2015
Rv0602c,,tcrA,Dual,Rv2438c,,nadE,,,R,no,experimental,25581030,Minch et al. 2015
Rv0623,,vapB30,A,Rv0623,,vapB30,,,A,no,experimental,25581030,Minch et al. 2015
Rv0653c,,Rv0653c,Dual,Rv0653c,,Rv0653c,,TACTCGTTCGCCCG,A,no,experimental,25581030,Minch et al. 2015
Rv0653c,,Rv0653c,Dual,Rv0654,,Rv0654,,GATCGAACACC,R,no,experimental,25581030,Minch et al. 2015
Rv0674,,Rv0674,R,Rv0672,,fadE8,,,R,no,experimental,25581030,Minch et al. 2015
Rv0678,,Rv0678,Dual,Rv0678,,Rv0678,,TCGAACGGCTCCGGGTCA,A,no,experimental,25581030,Minch et al. 2015
Rv0678,,Rv0678,Dual,Rv0849,,Rv0849,OP_Rv0848,GCATTCGACGAAGT,A,no,experimental,25581030,Minch et al. 2015
Rv0678,,Rv0678,Dual,Rv0963c,,Rv0963c,,TACGCAGGGTATTGGGGAACC,A,no,experimental,25581030,Minch et al. 2015
Rv0678,,Rv0678,Dual,Rv1128c,,Rv1128c,,CGAAGTAGTTGGC,A,no,experimental,25581030,Minch et al. 2015
Rv0678,,Rv0678,Dual,Rv1760,,Rv1760,,GTATTGACGAATTC,A,no,experimental,25581030,Minch et al. 2015
Rv0678,,Rv0678,Dual,Rv1895,,Rv1895,,CTGACGGAGTGGTTGTCGCCGT,A,no,experimental,25581030,Minch et al. 2015
Rv0678,,Rv0678,Dual,Rv0183,,Rv0183,,,R,no,experimental,25581030,Minch et al. 2015
Rv0678,,Rv0678,Dual,Rv0388c,,PPE9,,,R,no,experimental,25581030,Minch et al. 2015
Rv0678,,Rv0678,Dual,Rv0506,,mmpS2,,TCCCGTCGACCGACTCGGCGA,R,no,experimental,25581030,Minch et al. 2015
Rv0678,,Rv0678,Dual,Rv0677c,,mmpS5,OP_Rv0672,,R,no,experimental,25581030,Minch et al. 2015
Rv0678,,Rv0678,Dual,Rv1005c,,pabB,,,R,no,experimental,25581030,Minch et al. 2015
Rv0678,,Rv0678,Dual,Rv1033c,,trcR,OP_Rv1023,,R,no,experimental,25581030,Minch et al. 2015
Rv0678,,Rv0678,Dual,Rv0044c,,Rv0044c,,GAACGAGTTCGCCG,A,no,experimental,25581030,Minch et al. 2015
Rv0678,,Rv0678,Dual,Rv0161,,Rv0161,,TATCGTCCGGATTCGGCGAACC,A,no,experimental,25581030,Minch et al. 2015
Rv0678,,Rv0678,Dual,Rv0392c,,ndhA,,,A,no,experimental,25581030,Minch et al. 2015
Rv0678,,Rv0678,Dual,Rv1945,,Rv1945,,,A,no,experimental,25581030,Minch et al. 2015
Rv0678,,Rv0678,Dual,Rv3571,,kshB,OP_Rv3567c,,A,no,experimental,25581030,Minch et al. 2015
Rv0678,,Rv0678,Dual,Rv0389,,purT,,,R,no,experimental,25581030,Minch et al. 2015
Rv0678,,Rv0678,Dual,Rv0485,,Rv0485,,,R,no,experimental,25581030,Minch et al. 2015
Rv0678,,Rv0678,Dual,Rv1230c,,Rv1230c,OP_Rv1226c,,R,no,experimental,25581030,Minch et al. 2015
Rv0678,,Rv0678,Dual,Rv2905,,lppW,,TGTCGCCCGGGTTGA,R,no,experimental,25581030,Minch et al. 2015
Rv0678,,Rv0678,Dual,Rv3570c,,hsaA,OP_Rv3567c,,R,no,experimental,25581030,Minch et al. 2015
Rv0678,,Rv0678,Dual,Rv3706c,,Rv3706c,OP_Rv3705A,TTGAACGGGTTGACC;TTGAACGGGTTGACC,R,no,experimental,25581030,Minch et al. 2015
Rv0681,,Rv0681,A,Rv3531c,,Rv3531c,OP_Rv3529c,,A,no,experimental,25581030,Minch et al. 2015
Rv0691c,,Rv0691c,Dual,Rv0692,,Rv0692,OP_Rv0690c,GGTGTCCATCGACG;GGTGTCCATCGACG,R,no,experimental,25581030,Minch et al. 2015
Rv0691c,,Rv0691c,Dual,Rv0691c,,Rv0691c,OP_Rv0690c,GGTGTCCATCGACG;GGTGTCCATCGACG,A,no,experimental,25581030,Minch et al. 2015
Rv0691c,,Rv0691c,Dual,Rv0441c,,Rv0441c,,,R,no,experimental,25581030,Minch et al. 2015
Rv0691c,,Rv0691c,Dual,Rv1001,,arcA,,,R,no,experimental,25581030,Minch et al. 2015
Rv0691c,,Rv0691c,Dual,Rv1007c,,metS,,,R,no,experimental,25581030,Minch et al. 2015
Rv0757,,phoP,Dual,Rv0252,,nirB,,,A,no,experimental,25581030,Minch et al. 2015
Rv0757,,phoP,Dual,Rv0821c,,phoY2,,,A,no,experimental,25581030,Minch et al. 2015
Rv0757,,phoP,Dual,Rv1184c,,Rv1184c,,,A,no,experimental,25581030,Minch et al. 2015
Rv0757,,phoP,Dual,Rv1519,,Rv1519,,,A,no,experimental,25581030,Minch et al. 2015
Rv0757,,phoP,Dual,Rv2136c,,Rv2136c,OP_Rv2133c,,A,no,experimental,25581030,Minch et al. 2015
Rv0757,,phoP,Dual,Rv2331,,Rv2331,,,A,no,experimental,25581030,Minch et al. 2015
Rv0757,,phoP,Dual,Rv2331A,,Rv2331A,,,A,no,experimental,25581030,Minch et al. 2015
Rv0757,,phoP,Dual,Rv2391,,sirA,OP_Rv2389c,,A,no,experimental,25581030,Minch et al. 2015
Rv0757,,phoP,Dual,Rv2590,,fadD9,,,A,no,experimental,25581030,Minch et al. 2015
Rv0757,,phoP,Dual,Rv2905,,lppW,,,A,no,experimental,25581030,Minch et al. 2015
Rv0757,,phoP,Dual,Rv1103c,,mazE3,OP_Rv1102c,,R,no,experimental,25581030,Minch et al. 2015
Rv0757,,phoP,Dual,Rv2288,,Rv2288,OP_Rv2287,,R,no,experimental,25581030,Minch et al. 2015
Rv0757,,phoP,Dual,Rv2633c,,Rv2633c,,,R,no,experimental,25581030,Minch et al. 2015
Rv0757,,phoP,Dual,Rv3501c,,yrbE4A,OP_Rv3492c,CAACAAGTTCCCT,R,no,experimental,25581030,Minch et al. 2015
Rv0757,,phoP,Dual,Rv3768,,Rv3768,,,R,no,experimental,25581030,Minch et al. 2015
Rv0757,,phoP,Dual,Rv0757,,phoP,,ATTGTGTAATTCCT,A,no,experimental,25581030,Minch et al. 2015
Rv0757,,phoP,Dual,Rv0789c,,Rv0789c,,,A,no,experimental,25581030,Minch et al. 2015
Rv0757,,phoP,Dual,Rv1180,,pks3,,,A,no,experimental,25581030,Minch et al. 2015
Rv0757,,phoP,Dual,Rv1302,,rfe,,,A,no,experimental,25581030,Minch et al. 2015
Rv0757,,phoP,Dual,Rv1517,,Rv1517,OP_Rv1515c,,A,no,experimental,25581030,Minch et al. 2015
Rv0757,,phoP,Dual,Rv2124c,,metH,,,A,no,experimental,25581030,Minch et al. 2015
Rv0757,,phoP,Dual,Rv2390c,,Rv2390c,OP_Rv2389c,,A,no,experimental,25581030,Minch et al. 2015
Rv0757,,phoP,Dual,Rv2584c,,apt,,CTGTCAATTACCT,A,no,experimental,25581030,Minch et al. 2015
Rv0757,,phoP,Dual,Rv2779c,,Rv2779c,,,A,no,experimental,25581030,Minch et al. 2015
Rv0757,,phoP,Dual,Rv3197,,Rv3197,,,A,no,experimental,25581030,Minch et al. 2015
Rv0757,,phoP,Dual,Rv3767c,,Rv3767c,,,A,no,experimental,25581030,Minch et al. 2015
Rv0757,,phoP,Dual,Rv3825c,,pks2,,,A,no,experimental,25581030,Minch et al. 2015
Rv0757,,phoP,Dual,Rv0167,,yrbE1A,,,R,no,experimental,25581030,Minch et al. 2015
Rv0757,,phoP,Dual,Rv1102c,,mazF3,,,R,no,experimental,25581030,Minch et al. 2015
Rv0757,,phoP,Dual,Rv2243,,fabD,,,R,no,experimental,25581030,Minch et al. 2015
Rv0757,,phoP,Dual,Rv2289,,cdh,,,R,no,experimental,25581030,Minch et al. 2015
Rv0757,,phoP,Dual,Rv2340c,,PE_PGRS39,,,R,no,experimental,25581030,Minch et al. 2015
Rv0757,,phoP,Dual,Rv2376c,,cfp2,,ACAGTGAGTTCTC,R,no,experimental,25581030,Minch et al. 2015
Rv0757,,phoP,Dual,Rv2582,,ppiB,,,R,no,experimental,25581030,Minch et al. 2015
Rv0757,,phoP,Dual,Rv3312A,,Rv3312A,,TCAGCAAGT,R,no,experimental,25581030,Minch et al. 2015
Rv0757,,phoP,Dual,Rv3750c,,Rv3750c,,,R,no,experimental,25581030,Minch et al. 2015
Rv0757,,phoP,Dual,Rv3779,,Rv3779,,,R,no,experimental,25581030,Minch et al. 2015
Rv0767c,,Rv0767c,R,Rv0989c,,grcC2,,CGGCCAGCATGACCA,R,no,experimental,25581030,Minch et al. 2015
Rv0767c,,Rv0767c,R,Rv1097c,,Rv1097c,,GGCGATCTT,R,no,experimental,25581030,Minch et al. 2015
Rv0767c,,Rv0767c,R,Rv2049c,,Rv2049c,,GGCCGATC,R,no,experimental,25581030,Minch et al. 2015
Rv0767c,,Rv0767c,R,Rv2526,,vapB17,,,R,no,experimental,25581030,Minch et al. 2015
Rv0767c,,Rv0767c,R,Rv2638,,Rv2638,,CGACCACCAGGTAGACC,R,no,experimental,25581030,Minch et al. 2015
Rv0767c,,Rv0767c,R,Rv0042c,,Rv0042c,OP_Rv0039c,CGAAGAGCTT;CGAAGAGCTT,R,no,experimental,25581030,Minch et al. 2015
Rv0767c,,Rv0767c,R,Rv0217c,,lipW,,GACCATGTGGGGGATCT,R,no,experimental,25581030,Minch et al. 2015
Rv0767c,,Rv0767c,R,Rv0493c,,Rv0493c,OP_Rv0492c,GCCGATCT,R,no,experimental,25581030,Minch et al. 2015
Rv0767c,,Rv0767c,R,Rv0776c,,Rv0776c,,CCAGCAGATCGAG,R,no,experimental,25581030,Minch et al. 2015
Rv0767c,,Rv0767c,R,Rv0903c,,prrA,OP_Rv0899,,R,no,experimental,25581030,Minch et al. 2015
Rv0767c,,Rv0767c,R,Rv1085c,,Rv1085c,,CGACGAGCTTGCAGCA,R,no,experimental,25581030,Minch et al. 2015
Rv0767c,,Rv0767c,R,Rv1086,,Rv1086,,CGGCGATCTTGG,R,no,experimental,25581030,Minch et al. 2015
Rv0767c,,Rv0767c,R,Rv2048c,,pks12,OP_Rv2047c,GGCCGATC,R,no,experimental,25581030,Minch et al. 2015
Rv0767c,,Rv0767c,R,Rv2050,,Rv2050,,GGCCGATC,R,no,experimental,25581030,Minch et al. 2015
Rv0767c,,Rv0767c,R,Rv3197,,Rv3197,,GTTTGATATC;GTTTGATATC;GTTTGATATC,R,no,experimental,25581030,Minch et al. 2015
Rv0818,,Rv0818,Dual,Rv1542c,,glbN,,GTTAGGTCGCGATCACGC,A,no,experimental,25581030,Minch et al. 2015
Rv0818,,Rv0818,Dual,Rv1791,,PE19,,GTCAATTTGGCATCA,A,no,experimental,25581030,Minch et al. 2015
Rv0818,,Rv0818,Dual,Rv3229c,,desA3,OP_Rv3227,ACATCGCGATGACgG,A,no,experimental,25581030,Minch et al. 2015
Rv0818,,Rv0818,Dual,Rv3384c,,vapC46,,,A,no,experimental,25581030,Minch et al. 2015
Rv0818,,Rv0818,Dual,Rv0244c,,fadE5,,TTACCCACCAGTAAC,R,no,experimental,25581030,Minch et al. 2015
Rv0818,,Rv0818,Dual,Rv0252,,nirB,,,A,no,experimental,25581030,Minch et al. 2015
Rv0818,,Rv0818,Dual,Rv0501,,galE2,,GTCACGCGCTTGTAACGCC,A,no,experimental,25581030,Minch et al. 2015
Rv0818,,Rv0818,Dual,Rv3385c,,vapB46,OP_Rv3384c,AAGCTGCGGTTACG,A,no,experimental,25581030,Minch et al. 2015
Rv0818,,Rv0818,Dual,Rv1322A,,Rv1322A,,TCACGTCG,R,no,experimental,25581030,Minch et al. 2015
Rv0818,,Rv0818,Dual,Rv1386,,PE15,,GTCACGCT,R,no,experimental,25581030,Minch et al. 2015
Rv0818,,Rv0818,Dual,Rv3386,,Rv3386,OP_Rv3384c,AAGCTGCGGTTACG,R,no,experimental,25581030,Minch et al. 2015
Rv0827c,,kmtR,A,Rv0827c,,kmtR,,CAAGCTGGGCACTGA,A,no,experimental,25581030,Minch et al. 2015
Rv0880,,Rv0880,R,Rv2590,,fadD9,,CGTTAGCTAAAGTA,R,no,experimental,25581030,Minch et al. 2015
Rv0880,,Rv0880,R,Rv0726c,,Rv0726c,OP_Rv0725c,TTCCTTAGTAAAGTTA,R,no,experimental,25581030,Minch et al. 2015
Rv0880,,Rv0880,R,Rv2172c,,Rv2172c,,GGTCTGGGCTGACGACAT,R,no,experimental,25581030,Minch et al. 2015
Rv0967,,csoR,Dual,Rv0225,,Rv0225,,,R,no,experimental,25581030,Minch et al. 2015
Rv0967,,csoR,Dual,Rv0896,,gltA2,,GTTATCGACGTGTT,R,no,experimental,25581030,Minch et al. 2015
Rv0967,,csoR,Dual,Rv1191,,Rv1191,,TATTGTGGTGCTCGG,R,no,experimental,25581030,Minch et al. 2015
Rv0967,,csoR,Dual,Rv1746,,pknF,,ATGCCGCG,R,no,experimental,25581030,Minch et al. 2015
Rv0967,,csoR,Dual,Rv2507,,Rv2507,,,R,no,experimental,25581030,Minch et al. 2015
Rv0967,,csoR,Dual,Rv3149,,nuoE,OP_Rv3145,,R,no,experimental,25581030,Minch et al. 2015
Rv0967,,csoR,Dual,Rv3150,,nuoF,OP_Rv3145,,R,no,experimental,25581030,Minch et al. 2015
Rv0967,,csoR,Dual,Rv0967,,csoR,,CCCCCAGTGGG,A,no,experimental,25581030,Minch et al. 2015
Rv1033c,,trcR,Dual,Rv1033c,,trcR,OP_Rv1023,,A,no,experimental,25581030,Minch et al. 2015
Rv1033c,,trcR,Dual,Rv3681c,,whiB4,,,A,no,experimental,25581030,Minch et al. 2015
Rv1033c,,trcR,Dual,Rv0155,,pntAa,OP_Rv0153c,,R,no,experimental,25581030,Minch et al. 2015
Rv1033c,,trcR,Dual,Rv0270,,fadD2,,GGCCGACATCGGTG,R,no,experimental,25581030,Minch et al. 2015
Rv1033c,,trcR,Dual,Rv0426c,,Rv0426c,OP_Rv0424c,,R,no,experimental,25581030,Minch et al. 2015
Rv1033c,,trcR,Dual,Rv0430,,Rv0430,,,R,no,experimental,25581030,Minch et al. 2015
Rv1033c,,trcR,Dual,Rv0568,,cyp135B1,,,R,no,experimental,25581030,Minch et al. 2015
Rv1033c,,trcR,Dual,Rv1013,,pks16,,,R,no,experimental,25581030,Minch et al. 2015
Rv1033c,,trcR,Dual,Rv1204c,,Rv1204c,,TCTGGTGTATGTCGGCGA,R,no,experimental,25581030,Minch et al. 2015
Rv1033c,,trcR,Dual,Rv1205,,Rv1205,,ACCGCCGTCGATG;ACCGCCGTCGATG,R,no,experimental,25581030,Minch et al. 2015
Rv1033c,,trcR,Dual,Rv0032,,bioF2,,,A,no,experimental,25581030,Minch et al. 2015
Rv1033c,,trcR,Dual,Rv2107,,PE22,,CCGTATTCGGTGTACGA,A,no,experimental,25581030,Minch et al. 2015
Rv1033c,,trcR,Dual,Rv3588c,,canB,,,A,no,experimental,25581030,Minch et al. 2015
Rv1033c,,trcR,Dual,Rv0078A,,Rv0078A,,,R,no,experimental,25581030,Minch et al. 2015
Rv1033c,,trcR,Dual,Rv0269c,,Rv0269c,,TCCGAACTCGACG;TCCGAACTCGACG,R,no,experimental,25581030,Minch et al. 2015
Rv1033c,,trcR,Dual,Rv0996,,Rv0996,,,R,no,experimental,25581030,Minch et al. 2015
Rv1033c,,trcR,Dual,Rv1018c,,glmU,,ACCGAAATGTTCG,R,no,experimental,25581030,Minch et al. 2015
Rv1033c,,trcR,Dual,Rv1158c,,Rv1158c,OP_Rv1157c,,R,no,experimental,25581030,Minch et al. 2015
Rv1033c,,trcR,Dual,Rv1334,,mec,,,R,no,experimental,25581030,Minch et al. 2015
Rv1033c,,trcR,Dual,Rv1386,,PE15,,CTGCGACATCTGC,R,no,experimental,25581030,Minch et al. 2015
Rv1033c,,trcR,Dual,Rv1812c,,Rv1812c,,,R,no,experimental,25581030,Minch et al. 2015
Rv1033c,,trcR,Dual,Rv2526,,vapB17,,,R,no,experimental,25581030,Minch et al. 2015
Rv1033c,,trcR,Dual,Rv2952,,Rv2952,,ACTACGCTGTTGACCAACG,R,no,experimental,25581030,Minch et al. 2015
Rv1033c,,trcR,Dual,Rv3237c,,Rv3237c,OP_Rv3233c,,R,no,experimental,25581030,Minch et al. 2015
Rv1033c,,trcR,Dual,Rv3706c,,Rv3706c,OP_Rv3705A,,R,no,experimental,25581030,Minch et al. 2015
Rv1033c,,trcR,Dual,Rv3762c,,Rv3762c,,GTTCGAAATCGAG;GTTCGAAATCGAG,R,no,experimental,25581030,Minch et al. 2015
Rv1033c,,trcR,Dual,Rv1728c,,Rv1728c,,,R,no,experimental,25581030,Minch et al. 2015
Rv1033c,,trcR,Dual,Rv2387,,Rv2387,,TCTTCGCCGTCGG,R,no,experimental,25581030,Minch et al. 2015
Rv1033c,,trcR,Dual,Rv2524c,,fas,OP_Rv2523c,,R,no,experimental,25581030,Minch et al. 2015
Rv1033c,,trcR,Dual,Rv2525c,,Rv2525c,,TGCGATATC,R,no,experimental,25581030,Minch et al. 2015
Rv1033c,,trcR,Dual,Rv2905,,lppW,,,R,no,experimental,25581030,Minch et al. 2015
Rv1033c,,trcR,Dual,Rv3646c,,topA,,TCGGACCTAGTTCGGCG,R,no,experimental,25581030,Minch et al. 2015
Rv1049,,Rv1049,Dual,Rv1049,,Rv1049,,CGCATGCCAAACAC,A,no,experimental,25581030,Minch et al. 2015
Rv1049,,Rv1049,Dual,Rv0175,,Rv0175,OP_Rv0167,GATGCCCAGCAC,R,no,experimental,25581030,Minch et al. 2015
Rv1049,,Rv1049,Dual,Rv0242c,,fabG4,OP_Rv0241c,GGGTGTTCCGCAA,R,no,experimental,25581030,Minch et al. 2015
Rv1049,,Rv1049,Dual,Rv0549c,,vapC3,,CATGATCGTCAC,R,no,experimental,25581030,Minch et al. 2015
Rv1049,,Rv1049,Dual,Rv0730,,Rv0730,,ATGGTGGTCCACAC;ATGGTGGTCCACAC,R,no,experimental,25581030,Minch et al. 2015
Rv1049,,Rv1049,Dual,Rv1780,,Rv1780,,GTGACCCGC,R,no,experimental,25581030,Minch et al. 2015
Rv1049,,Rv1049,Dual,Rv2720,,lexA,,,R,no,experimental,25581030,Minch et al. 2015
Rv1049,,Rv1049,Dual,Rv1986,,Rv1986,,,A,no,experimental,25581030,Minch et al. 2015
Rv1049,,Rv1049,Dual,Rv0550c,,vapB3,OP_Rv0549c,CATGATCGTCAC;CATGATCGTCAC,R,no,experimental,25581030,Minch et al. 2015
Rv1049,,Rv1049,Dual,Rv0688,,Rv0688,OP_Rv0687,TGACCAACAC;TGACCAACAC,R,no,experimental,25581030,Minch et al. 2015
Rv1049,,Rv1049,Dual,Rv1050,,Rv1050,,ATGACCCGCAC,R,no,experimental,25581030,Minch et al. 2015
Rv1049,,Rv1049,Dual,Rv1075c,,Rv1075c,,TCATGCCCAACAC,R,no,experimental,25581030,Minch et al. 2015
Rv1049,,Rv1049,Dual,Rv1177,,fdxC,,TGATGATCAGCCC,R,no,experimental,25581030,Minch et al. 2015
Rv1049,,Rv1049,Dual,Rv1277,,Rv1277,OP_Rv1272c,GGTTGACCCGC,R,no,experimental,25581030,Minch et al. 2015
Rv1049,,Rv1049,Dual,Rv2147c,,Rv2147c,,,R,no,experimental,25581030,Minch et al. 2015
Rv1167c,,Rv1167c,A,Rv3864,,espE,,TTTCAACACCGGT,A,no,experimental,25581030,Minch et al. 2015
Rv1176c,,Rv1176c,A,Rv1176c,,Rv1176c,OP_Rv1175c,,A,no,experimental,25581030,Minch et al. 2015
Rv1186c,,Rv1186c,Dual,Rv1186c,,Rv1186c,,TTGGCCGATCAGACAA,A,no,experimental,25581030,Minch et al. 2015
Rv1186c,,Rv1186c,Dual,Rv1187,,rocA,,TTGGCCGATCAGACAA,R,no,experimental,25581030,Minch et al. 2015
Rv1219c,,Rv1219c,Dual,Rv3714c,,Rv3714c,,,A,no,experimental,25581030,Minch et al. 2015
Rv1219c,,Rv1219c,Dual,Rv0384c,,clpB,,TGACGGCGTTGAACA,R,no,experimental,25581030,Minch et al. 2015
Rv1219c,,Rv1219c,Dual,Rv1250,,Rv1250,,CGATATCGTCGTTGAAC,R,no,experimental,25581030,Minch et al. 2015
Rv1219c,,Rv1219c,Dual,Rv2916c,,ffh,,CGATGCCGATAT,R,no,experimental,25581030,Minch et al. 2015
Rv1219c,,Rv1219c,Dual,Rv1219c,,Rv1219c,OP_Rv1216c,,A,no,experimental,25581030,Minch et al. 2015
Rv1219c,,Rv1219c,Dual,Rv1249c,,Rv1249c,,ACCGATGCGGGTG,R,no,experimental,25581030,Minch et al. 2015
Rv1219c,,Rv1219c,Dual,Rv2729c,,Rv2729c,,CCGGTGCCGGA,R,no,experimental,25581030,Minch et al. 2015
Rv1255c,,Rv1255c,Dual,Rv0455c,,Rv0455c,,GACAAGGTTCATAGTCTGTCTC,A,no,experimental,25581030,Minch et al. 2015
Rv1255c,,Rv1255c,Dual,Rv0768,,aldA,OP_Rv0762c,ACAGCTCGTCGAGTTCGTC,A,no,experimental,25581030,Minch et al. 2015
Rv1255c,,Rv1255c,Dual,Rv2338c,,moeW,,GACACCGTGTTTGAATCGTCG,A,no,experimental,25581030,Minch et al. 2015
Rv1255c,,Rv1255c,Dual,Rv0634c,,Rv0634c,,AGAACCTACCTAGTCAGTCTC,R,no,experimental,25581030,Minch et al. 2015
Rv1255c,,Rv1255c,Dual,Rv0950c,,Rv0950c,,,R,no,experimental,25581030,Minch et al. 2015
Rv1255c,,Rv1255c,Dual,Rv1256c,,cyp130,OP_Rv1255c,GACAGCACGTAGTAGTCGTA,R,no,experimental,25581030,Minch et al. 2015
Rv1255c,,Rv1255c,Dual,Rv2300c,,Rv2300c,,,R,no,experimental,25581030,Minch et al. 2015
Rv1255c,,Rv1255c,Dual,Rv2638,,Rv2638,,GAGCTGGCCGTC,R,no,experimental,25581030,Minch et al. 2015
Rv1255c,,Rv1255c,Dual,Rv3706c,,Rv3706c,OP_Rv3705A,GACAGCACCGTCTGGCCGTC;GACAGCACCGTCTGGCCGTC,R,no,experimental,25581030,Minch et al. 2015
Rv1287,,Rv1287,A,Rv1285,,cysD,,TGCGTTGACAGCG,A,no,experimental,25581030,Minch et al. 2015
Rv1353c,,Rv1353c,Dual,Rv0272c,,Rv0272c,,CTACAGTAAGGAGGACAGCT,A,no,experimental,25581030,Minch et al. 2015
Rv1353c,,Rv1353c,Dual,Rv0293c,,Rv0293c,,AGCGATGAGAGCTG,A,no,experimental,25581030,Minch et al. 2015
Rv1353c,,Rv1353c,Dual,Rv1032c,,trcS,OP_Rv1023,GTACCGCAGAC,A,no,experimental,25581030,Minch et al. 2015
Rv1353c,,Rv1353c,Dual,Rv1182,,papA3,OP_Rv1180,,A,no,experimental,25581030,Minch et al. 2015
Rv1353c,,Rv1353c,Dual,Rv1414,,Rv1414,,GTTGCCGCCACCGTAGT,A,no,experimental,25581030,Minch et al. 2015
Rv1353c,,Rv1353c,Dual,Rv1706c,,PPE23,OP_Rv1705c,GCCAACAGTAACGATTA,A,no,experimental,25581030,Minch et al. 2015
Rv1353c,,Rv1353c,Dual,Rv3162c,,Rv3162c,,CGGAAACCGTTGTCGT,A,no,experimental,25581030,Minch et al. 2015
Rv1353c,,Rv1353c,Dual,Rv3543c,,fadE29,OP_Rv3540c,,A,no,experimental,25581030,Minch et al. 2015
Rv1353c,,Rv1353c,Dual,Rv0107c,,ctpI,,CGATCACCGATGTCAA,R,no,experimental,25581030,Minch et al. 2015
Rv1353c,,Rv1353c,Dual,Rv0183,,Rv0183,,,R,no,experimental,25581030,Minch et al. 2015
Rv1353c,,Rv1353c,Dual,Rv0455c,,Rv0455c,,GTGGTTACCGTAGCA,R,no,experimental,25581030,Minch et al. 2015
Rv1353c,,Rv1353c,Dual,Rv0509,,hemA,,CCGCAGTGGTTATCG,R,no,experimental,25581030,Minch et al. 2015
Rv1353c,,Rv1353c,Dual,Rv0537c,,Rv0537c,,CGCACCGATGAGCAG,R,no,experimental,25581030,Minch et al. 2015
Rv1353c,,Rv1353c,Dual,Rv0777,,purB,,CCAACCGCACCGGCCAGCG,R,no,experimental,25581030,Minch et al. 2015
Rv1353c,,Rv1353c,Dual,Rv0810c,,Rv0810c,,CGTTCATCGGTGTCAAC,R,no,experimental,25581030,Minch et al. 2015
Rv1353c,,Rv1353c,Dual,Rv0998,,Rv0998,,,R,no,experimental,25581030,Minch et al. 2015
Rv1353c,,Rv1353c,Dual,Rv1079,,metB,,,R,no,experimental,25581030,Minch et al. 2015
Rv1353c,,Rv1353c,Dual,Rv1107c,,xseB,OP_Rv1106c,CGAACGCATCGGTCATC,R,no,experimental,25581030,Minch et al. 2015
Rv1353c,,Rv1353c,Dual,Rv1173,,fbiC,,GCGCAACAGTAGCG,R,no,experimental,25581030,Minch et al. 2015
Rv1353c,,Rv1353c,Dual,Rv1205,,Rv1205,,,R,no,experimental,25581030,Minch et al. 2015
Rv1353c,,Rv1353c,Dual,Rv1207,,folP2,,,R,no,experimental,25581030,Minch et al. 2015
Rv1353c,,Rv1353c,Dual,Rv1208,,gpgS,OP_Rv1207,,R,no,experimental,25581030,Minch et al. 2015
Rv1353c,,Rv1353c,Dual,Rv1360,,Rv1360,,CCGGAAGGTATCGGCCATCATTGCC,R,no,experimental,25581030,Minch et al. 2015
Rv1353c,,Rv1353c,Dual,Rv1399c,,nlhH,,TCACCGGAAAGGTATCGAGCAGCATCTT,R,no,experimental,25581030,Minch et al. 2015
Rv1353c,,Rv1353c,Dual,Rv1401,,Rv1401,,CGACGGCAGCGAT,R,no,experimental,25581030,Minch et al. 2015
Rv1353c,,Rv1353c,Dual,Rv1538c,,ansA,,TTGTCGACCGCAACGAT;TTGTCGACCGCAACGAT;TTGTCGACCGCAACGAT,R,no,experimental,25581030,Minch et al. 2015
Rv1353c,,Rv1353c,Dual,Rv1181,,pks4,OP_Rv1180,,A,no,experimental,25581030,Minch et al. 2015
Rv1353c,,Rv1353c,Dual,Rv1183,,mmpL10,OP_Rv1180,,A,no,experimental,25581030,Minch et al. 2015
Rv1353c,,Rv1353c,Dual,Rv3570c,,hsaA,OP_Rv3567c,,A,no,experimental,25581030,Minch et al. 2015
Rv1353c,,Rv1353c,Dual,Rv3825c,,pks2,,TCGTGGCTACCGT,A,no,experimental,25581030,Minch et al. 2015
Rv1353c,,Rv1353c,Dual,Rv0431,,Rv0431,,AGCCCACTGTAACCAGCACCG;AGCCCACTGTAACCAGCACCG,R,no,experimental,25581030,Minch et al. 2015
Rv1353c,,Rv1353c,Dual,Rv0548c,,menB,,,R,no,experimental,25581030,Minch et al. 2015
Rv1353c,,Rv1353c,Dual,Rv1567c,,Rv1567c,,TACCGTAGCGAT,R,no,experimental,25581030,Minch et al. 2015
Rv1353c,,Rv1353c,Dual,Rv1637c,,Rv1637c,,CGTACCGACAACCA,R,no,experimental,25581030,Minch et al. 2015
Rv1353c,,Rv1353c,Dual,Rv1638,,uvrA,,CGTACCGACAACCA,R,no,experimental,25581030,Minch et al. 2015
Rv1353c,,Rv1353c,Dual,Rv1691,,Rv1691,,TAGGCATCAGCGGCGCAAT,R,no,experimental,25581030,Minch et al. 2015
Rv1353c,,Rv1353c,Dual,Rv1856c,,Rv1856c,OP_Rv1848,,R,no,experimental,25581030,Minch et al. 2015
Rv1353c,,Rv1353c,Dual,Rv1857,,modA,OP_Rv1848,,R,no,experimental,25581030,Minch et al. 2015
Rv1353c,,Rv1353c,Dual,Rv1919c,,Rv1919c,,,R,no,experimental,25581030,Minch et al. 2015
Rv1353c,,Rv1353c,Dual,Rv2062c,,cobN,,TGTTGCCGACGGCAGC,R,no,experimental,25581030,Minch et al. 2015
Rv1353c,,Rv1353c,Dual,Rv2068c,,blaC,OP_Rv2064,TGTTGCCGACGGCAGC,R,no,experimental,25581030,Minch et al. 2015
Rv1353c,,Rv1353c,Dual,Rv2214c,,ephD,,TCGCCCAAACCGTAGCAAGGA,R,no,experimental,25581030,Minch et al. 2015
Rv1353c,,Rv1353c,Dual,Rv2222c,,glnA2,,CACTACAGCAACGACCA,R,no,experimental,25581030,Minch et al. 2015
Rv1353c,,Rv1353c,Dual,Rv2232,,ptkA,OP_Rv2228c,GCCGCGACCGTATCGA,R,no,experimental,25581030,Minch et al. 2015
Rv1353c,,Rv1353c,Dual,Rv2334,,cysK1,,,R,no,experimental,25581030,Minch et al. 2015
Rv1353c,,Rv1353c,Dual,Rv2567,,Rv2567,OP_Rv2566,,R,no,experimental,25581030,Minch et al. 2015
Rv1353c,,Rv1353c,Dual,Rv2576c,,Rv2576c,,TCGGTAACGCATCCGGTAGCGTTTTA;TCGGTAACGCATCCGGTAGCGTTTTA,R,no,experimental,25581030,Minch et al. 2015
Rv1353c,,Rv1353c,Dual,Rv2579,,dhaA,,CGGTAGCGGCCAGCGTTG,R,no,experimental,25581030,Minch et al. 2015
Rv1353c,,Rv1353c,Dual,Rv2713,,sthA,,,R,no,experimental,25581030,Minch et al. 2015
Rv1353c,,Rv1353c,Dual,Rv2746c,,pgsA3,,,R,no,experimental,25581030,Minch et al. 2015
Rv1353c,,Rv1353c,Dual,Rv2747,,argA,,CGCATCGATGAGCA,R,no,experimental,25581030,Minch et al. 2015
Rv1353c,,Rv1353c,Dual,Rv2778c,,Rv2778c,,,R,no,experimental,25581030,Minch et al. 2015
Rv1353c,,Rv1353c,Dual,Rv2798c,,Rv2798c,,CGCTGACGGCAGCG,R,no,experimental,25581030,Minch et al. 2015
Rv1353c,,Rv1353c,Dual,Rv2846c,,efpA,,TAACCGCAGCGATAA,R,no,experimental,25581030,Minch et al. 2015
Rv1353c,,Rv1353c,Dual,Rv3044,,fecB,,CCGTGATCGCAGCGTCCAG,R,no,experimental,25581030,Minch et al. 2015
Rv1353c,,Rv1353c,Dual,Rv3385c,,vapB46,OP_Rv3384c,,R,no,experimental,25581030,Minch et al. 2015
Rv1353c,,Rv1353c,Dual,Rv3408,,vapC47,OP_Rv3407,TGCACCGATCATCAC,R,no,experimental,25581030,Minch et al. 2015
Rv1353c,,Rv1353c,Dual,Rv3443c,,rplM,OP_Rv3442c,,R,no,experimental,25581030,Minch et al. 2015
Rv1353c,,Rv1353c,Dual,Rv3490,,otsA,OP_Rv3489,GTCTTCCCGACGGCAGC,R,no,experimental,25581030,Minch et al. 2015
Rv1353c,,Rv1353c,Dual,Rv3526,,kshA,,,R,no,experimental,25581030,Minch et al. 2015
Rv1353c,,Rv1353c,Dual,Rv3603c,,Rv3603c,OP_Rv3599c,GGTACCGGTGAG,R,no,experimental,25581030,Minch et al. 2015
Rv1353c,,Rv1353c,Dual,Rv3661,,Rv3661,,GATCGGTCAGCATCGCC,R,no,experimental,25581030,Minch et al. 2015
Rv1353c,,Rv1353c,Dual,Rv3682,,ponA2,,,R,no,experimental,25581030,Minch et al. 2015
Rv1353c,,Rv1353c,Dual,Rv3753c,,Rv3753c,,,R,no,experimental,25581030,Minch et al. 2015
Rv1353c,,Rv1353c,Dual,Rv3816c,,Rv3816c,OP_Rv3813c,,R,no,experimental,25581030,Minch et al. 2015
Rv1359,,Rv1359,A,Rv1359,,Rv1359,OP_Rv1358,,A,no,experimental,25581030,Minch et al. 2015
Rv1395,,Rv1395,A,Rv1395,,Rv1395,,GAAGCCGTC,A,no,experimental,25581030,Minch et al. 2015
Rv1404,,Rv1404,Dual,Rv1404,,Rv1404,,ATACCGCTGGTGGAGACTA,A,no,experimental,25581030,Minch et al. 2015
Rv1404,,Rv1404,Dual,Rv1730c,,Rv1730c,,TCGCCGTGGAA,A,no,experimental,25581030,Minch et al. 2015
Rv1404,,Rv1404,Dual,Rv0746,,PE_PGRS9,,,R,no,experimental,25581030,Minch et al. 2015
Rv1404,,Rv1404,Dual,Rv1375,,Rv1375,,AACTATTGCACATACAGATAAT,R,no,experimental,25581030,Minch et al. 2015
Rv1404,,Rv1404,Dual,Rv1386,,PE15,,,R,no,experimental,25581030,Minch et al. 2015
Rv1404,,Rv1404,Dual,Rv1441c,,PE_PGRS26,,,R,no,experimental,25581030,Minch et al. 2015
Rv1404,,Rv1404,Dual,Rv1731,,gabD2,,,R,no,experimental,25581030,Minch et al. 2015
Rv1404,,Rv1404,Dual,Rv2549c,,vapC20,,,R,no,experimental,25581030,Minch et al. 2015
Rv1404,,Rv1404,Dual,Rv2550c,,vapB20,OP_Rv2549c,,R,no,experimental,25581030,Minch et al. 2015
Rv1404,,Rv1404,Dual,Rv2956,,Rv2956,,TCGACGTCGGAGCCAACGT,R,no,experimental,25581030,Minch et al. 2015
Rv1423,,whiA,Dual,Rv2118c,,Rv2118c,,,R,no,experimental,25581030,Minch et al. 2015
Rv1423,,whiA,Dual,Rv2350c,,plcB,OP_Rv2349c,AACCACGCCGTC,R,no,experimental,25581030,Minch et al. 2015
Rv1423,,whiA,Dual,Rv2376c,,cfp2,,,R,no,experimental,25581030,Minch et al. 2015
Rv1423,,whiA,Dual,Rv3587c,,Rv3587c,,GTTGCGCCGTCG,R,no,experimental,25581030,Minch et al. 2015
Rv1423,,whiA,Dual,Rv3604c,,Rv3604c,,GTCAGCTGCGCCGT,R,no,experimental,25581030,Minch et al. 2015
Rv1423,,whiA,Dual,Rv1320c,,Rv1320c,OP_Rv1318c,TCAGGTTCGCCGTCATG,A,no,experimental,25581030,Minch et al. 2015
Rv1423,,whiA,Dual,Rv3198c,,uvrD2,,TGAAGTTCGCCGACG,A,no,experimental,25581030,Minch et al. 2015
Rv1423,,whiA,Dual,Rv0154c,,fadE2,OP_Rv0153c,GACAGATCCGCAGACG,R,no,experimental,25581030,Minch et al. 2015
Rv1423,,whiA,Dual,Rv1011,,ispE,,GAGGTTCACCGA,R,no,experimental,25581030,Minch et al. 2015
Rv1423,,whiA,Dual,Rv1456c,,Rv1456c,,CGAAACTGCAACCA;CGAAACTGCAACCA,R,no,experimental,25581030,Minch et al. 2015
Rv1460,,Rv1460,A,Rv1460,,Rv1460,,TTGGTCGCCGGCAT;TTGGTCGCCGGCAT,A,no,experimental,25581030,Minch et al. 2015
Rv1556,,Rv1556,A,Rv1556,,Rv1556,,GGTACAGGTCCGTACCG;GGTACAGGTCCGTACCG,A,no,experimental,25581030,Minch et al. 2015
Rv1657,,argR,A,Rv1652,,argC,OP_Rv1649,,A,no,experimental,25581030,Minch et al. 2015
Rv1674c,,Rv1674c,Dual,Rv1674c,,Rv1674c,,TCAATTGATTGT,A,no,experimental,25581030,Minch et al. 2015
Rv1674c,,Rv1674c,Dual,Rv0324,,Rv0324,,GTTCCAATGAGCAAT,R,no,experimental,25581030,Minch et al. 2015
Rv1719,,Rv1719,R,Rv0429c,,def,OP_Rv0427c,CCGCATCGTGGGCGATC,R,no,experimental,25581030,Minch et al. 2015
Rv1719,,Rv1719,R,Rv3067,,Rv3067,,CACCGTGGGCCAC,R,no,experimental,25581030,Minch et al. 2015
Rv1719,,Rv1719,R,Rv3303c,,lpdA,OP_Rv3302c,AGCGTGGGCGAG,R,no,experimental,25581030,Minch et al. 2015
Rv1719,,Rv1719,R,Rv3725,,Rv3725,,GCTGACGCGGGCC;GCTGACGCGGGCC,R,no,experimental,25581030,Minch et al. 2015
Rv1773c,,Rv1773c,Dual,Rv1773c,,Rv1773c,,,A,no,experimental,25581030,Minch et al. 2015
Rv1773c,,Rv1773c,Dual,Rv1774,,Rv1774,,,R,no,experimental,25581030,Minch et al. 2015
Rv1776c,,Rv1776c,R,Rv0407,,fgd1,OP_Rv0402c,,R,no,experimental,25581030,Minch et al. 2015
Rv1816,,Rv1816,A,Rv1065,,Rv1065,,AGGTCGGTGGCCACCGC,A,no,experimental,25581030,Minch et al. 2015
Rv1816,,Rv1816,A,Rv1816,,Rv1816,,GAGATCACCGCTC;GAGATCACCGCTC,A,no,experimental,25581030,Minch et al. 2015
Rv1846c,,blaI,R,Rv0524,,hemL,,TCAACTACAGGGTGTAAGA,R,no,experimental,25581030,Minch et al. 2015
Rv1846c,,blaI,R,Rv1451,,ctaB,,CTACCATCGTGCGTAGTAG,R,no,experimental,25581030,Minch et al. 2015
Rv1846c,,blaI,R,Rv1456c,,Rv1456c,,ACTACAGCGTGTAGT;ACTACAGCGTGTAGT,R,no,experimental,25581030,Minch et al. 2015
Rv1846c,,blaI,R,Rv2069,,sigC,,,R,no,experimental,25581030,Minch et al. 2015
Rv1956,,higA,R,Rv1954c,,Rv1954c,,,R,no,experimental,25581030,Minch et al. 2015
Rv1956,,higA,R,Rv2219A,,Rv2219A,,GATTCCGGCTTCGGCCT,R,no,experimental,25581030,Minch et al. 2015
Rv1985c,,Rv1985c,Dual,Rv2486,,echA14,,,R,no,experimental,25581030,Minch et al. 2015
Rv1985c,,Rv1985c,Dual,Rv1985c,,Rv1985c,,,A,no,experimental,25581030,Minch et al. 2015
Rv1985c,,Rv1985c,Dual,Rv1033c,,trcR,OP_Rv1023,,R,no,experimental,25581030,Minch et al. 2015
Rv1990c,,Rv1990c,Dual,Rv1058,,fadD14,,ACGCGATCGCGGTCA,R,no,experimental,25581030,Minch et al. 2015
Rv1990c,,Rv1990c,Dual,Rv1255c,,Rv1255c,,CGACGTCACGATCGGTGACA,R,no,experimental,25581030,Minch et al. 2015
Rv1990c,,Rv1990c,Dual,Rv2465c,,rpiB,OP_Rv2464c,CCAGCGACGCTTACGACAAC;CCAGCGACGCTTACGACAAC,R,no,experimental,25581030,Minch et al. 2015
Rv1990c,,Rv1990c,Dual,Rv2469c,,Rv2469c,,GACGCGATCTGGATCA,R,no,experimental,25581030,Minch et al. 2015
Rv1990c,,Rv1990c,Dual,Rv1990c,,Rv1990c,OP_Rv1989c,CAACGTCACGGCGATTGTCAcGC,A,no,experimental,25581030,Minch et al. 2015
Rv1990c,,Rv1990c,Dual,Rv0208c,,Rv0208c,OP_Rv0207c,CCGTCATCGACAAGGT;CCGTCATCGACAAGGT,R,no,experimental,25581030,Minch et al. 2015
Rv1990c,,Rv1990c,Dual,Rv0252,,nirB,,CGTCGACAAGGACGTCA,R,no,experimental,25581030,Minch et al. 2015
Rv1990c,,Rv1990c,Dual,Rv0386,,Rv0386,,CGGCGACCATGAGCACGTC,R,no,experimental,25581030,Minch et al. 2015
Rv1990c,,Rv1990c,Dual,Rv1213,,glgC,,CAACCAGTTCGGTGACA,R,no,experimental,25581030,Minch et al. 2015
Rv1990c,,Rv1990c,Dual,Rv1820,,ilvG,,TCATGGCCGACATC,R,no,experimental,25581030,Minch et al. 2015
Rv1990c,,Rv1990c,Dual,Rv1868,,Rv1868,,CCGGCGTCAAGGTTGCCGTC,R,no,experimental,25581030,Minch et al. 2015
Rv1990c,,Rv1990c,Dual,Rv1977,,Rv1977,,AACATCCCCGACATCAGC,R,no,experimental,25581030,Minch et al. 2015
Rv1990c,,Rv1990c,Dual,Rv2027c,,dosT,OP_Rv2026c,,R,no,experimental,25581030,Minch et al. 2015
Rv1990c,,Rv1990c,Dual,Rv2104c,,vapB37,OP_Rv2103c,CAAGATTGTCGACA,R,no,experimental,25581030,Minch et al. 2015
Rv1990c,,Rv1990c,Dual,Rv2224c,,caeA,OP_Rv2223c,CGACGAGTTCGCCATC;CGACGAGTTCGCCATC,R,no,experimental,25581030,Minch et al. 2015
Rv1990c,,Rv1990c,Dual,Rv2337c,,Rv2337c,,,R,no,experimental,25581030,Minch et al. 2015
Rv1990c,,Rv1990c,Dual,Rv2464c,,Rv2464c,,CCAGCGACGCTTACGACAAC,R,no,experimental,25581030,Minch et al. 2015
Rv1990c,,Rv1990c,Dual,Rv2470,,glbO,,,R,no,experimental,25581030,Minch et al. 2015
Rv1990c,,Rv1990c,Dual,Rv2731,,Rv2731,,GCCAGCAATACCGCCCACATCC,R,no,experimental,25581030,Minch et al. 2015
Rv1990c,,Rv1990c,Dual,Rv2991,,Rv2991,,CCGACATCGTCATGTC,R,no,experimental,25581030,Minch et al. 2015
Rv1990c,,Rv1990c,Dual,Rv3179,,Rv3179,,GCCAGCAACACACCGTTGATCGCA,R,no,experimental,25581030,Minch et al. 2015
Rv1990c,,Rv1990c,Dual,Rv3240c,,secA1,,TGTCGAGATCCCCGACC,R,no,experimental,25581030,Minch et al. 2015
Rv1990c,,Rv1990c,Dual,Rv3310,,sapM,OP_Rv3302c,CCGATGCCGTCGCAGTCA,R,no,experimental,25581030,Minch et al. 2015
Rv1990c,,Rv1990c,Dual,Rv3717,,Rv3717,,CGACGTCACCGAGGTCATC,R,no,experimental,25581030,Minch et al. 2015
Rv1994c,,cmtR,Dual,Rv0318c,,Rv0318c,,CCGCAGTCGTTGACGTTT;CCGCAGTCGTTGACGTTT;CCGCAGTCGTTGACGTTT,R,no,experimental,25581030,Minch et al. 2015
Rv1994c,,cmtR,Dual,Rv0319,,pcp,,GTCGCGGTTGACCTCTT,R,no,experimental,25581030,Minch et al. 2015
Rv1994c,,cmtR,Dual,Rv1985c,,Rv1985c,,CGATCAGGCCGTCG,R,no,experimental,25581030,Minch et al. 2015
Rv1994c,,cmtR,Dual,Rv2363,,amiA2,,CTATTGTGATGCGGCTG,R,no,experimental,25581030,Minch et al. 2015
Rv1994c,,cmtR,Dual,Rv0077c,,Rv0077c,,CGATCCTGGGGTCGCCGATCA,A,no,experimental,25581030,Minch et al. 2015
Rv1994c,,cmtR,Dual,Rv0963c,,Rv0963c,,CGATCCTGCTGG,A,no,experimental,25581030,Minch et al. 2015
Rv1994c,,cmtR,Dual,Rv1994c,,cmtR,,ATGCAGCCGCTGCAGT,A,no,experimental,25581030,Minch et al. 2015
Rv1994c,,cmtR,Dual,Rv0070c,,glyA2,OP_Rv0069c,CGATCAGGGCGGCGATGTC,R,no,experimental,25581030,Minch et al. 2015
Rv1994c,,cmtR,Dual,Rv0078,,Rv0078,,GTGGCCGATTTCGCGG,R,no,experimental,25581030,Minch et al. 2015
Rv1994c,,cmtR,Dual,Rv1033c,,trcR,OP_Rv1023,TGCCGTCGGTGAAGA,R,no,experimental,25581030,Minch et al. 2015
Rv1994c,,cmtR,Dual,Rv1986,,Rv1986,,CTGCCGTGGTCGAACT,R,no,experimental,25581030,Minch et al. 2015
Rv1994c,,cmtR,Dual,Rv1987,,Rv1987,,CGATCAGGCCGTCG,R,no,experimental,25581030,Minch et al. 2015
Rv1994c,,cmtR,Dual,Rv2362c,,recO,OP_Rv2358,,R,no,experimental,25581030,Minch et al. 2015
Rv1994c,,cmtR,Dual,Rv3142c,,Rv3142c,,CGCCGCTGAAGT,R,no,experimental,25581030,Minch et al. 2015
Rv2009,,vapB15,A,Rv2010,,vapC15,OP_Rv2009,GGAATCCGTTGCGCCTCG,A,no,experimental,25581030,Minch et al. 2015
Rv2011c,,Rv2011c,Dual,Rv2011c,,Rv2011c,,ATATATTGTCAAAGTTGGAGG,A,no,experimental,25581030,Minch et al. 2015
Rv2011c,,Rv2011c,Dual,Rv0070c,,glyA2,OP_Rv0069c,TTCGATCACGGTGTCGGT,R,no,experimental,25581030,Minch et al. 2015
Rv2011c,,Rv2011c,Dual,Rv0158,,Rv0158,,,R,no,experimental,25581030,Minch et al. 2015
Rv2011c,,Rv2011c,Dual,Rv0473,,Rv0473,,,R,no,experimental,25581030,Minch et al. 2015
Rv2011c,,Rv2011c,Dual,Rv0692,,Rv0692,OP_Rv0690c,CATTTCGGCACTCGATGCCATATTGTG,R,no,experimental,25581030,Minch et al. 2015
Rv2011c,,Rv2011c,Dual,Rv0757,,phoP,,CCATGGTGGTCAACCCGCT,R,no,experimental,25581030,Minch et al. 2015
Rv2011c,,Rv2011c,Dual,Rv0981,,mprA,,,R,no,experimental,25581030,Minch et al. 2015
Rv2011c,,Rv2011c,Dual,Rv1884c,,rpfC,OP_Rv1883c,CGGATTGATCAGGCCGGCGGTA;CGGATTGATCAGGCCGGCGGTA;CGGATTGATCAGGCCGGCGGTA,R,no,experimental,25581030,Minch et al. 2015
Rv2011c,,Rv2011c,Dual,Rv2012,,Rv2012,,ATATATTGTCAAAGTTGGAGG,R,no,experimental,25581030,Minch et al. 2015
Rv2011c,,Rv2011c,Dual,Rv2746c,,pgsA3,,,R,no,experimental,25581030,Minch et al. 2015
Rv2011c,,Rv2011c,Dual,Rv2747,,argA,,,R,no,experimental,25581030,Minch et al. 2015
Rv2011c,,Rv2011c,Dual,Rv3058c,,Rv3058c,OP_Rv3057c,,R,no,experimental,25581030,Minch et al. 2015
Rv2011c,,Rv2011c,Dual,Rv3059,,cyp136,,,R,no,experimental,25581030,Minch et al. 2015
Rv2011c,,Rv2011c,Dual,Rv3075c,,Rv3075c,,CGTGCTGGTCAAGGTGAC,R,no,experimental,25581030,Minch et al. 2015
Rv2011c,,Rv2011c,Dual,Rv3076,,Rv3076,,,R,no,experimental,25581030,Minch et al. 2015
Rv2011c,,Rv2011c,Dual,Rv3099c,,Rv3099c,,,R,no,experimental,25581030,Minch et al. 2015
Rv2011c,,Rv2011c,Dual,Rv3436c,,glmS,,GTTTGGCCACCGCGCACG,R,no,experimental,25581030,Minch et al. 2015
Rv2011c,,Rv2011c,Dual,Rv3437,,Rv3437,,GTTTGGCCACCGCGCACG;GTTTGGCCACCGCGCACG,R,no,experimental,25581030,Minch et al. 2015
Rv2011c,,Rv2011c,Dual,Rv3566c,,nat,OP_Rv3556c,,R,no,experimental,25581030,Minch et al. 2015
Rv2011c,,Rv2011c,Dual,Rv3746c,,PE34,,,A,no,experimental,25581030,Minch et al. 2015
Rv2011c,,Rv2011c,Dual,Rv0319,,pcp,,ACGTGTTGGGCACG,R,no,experimental,25581030,Minch et al. 2015
Rv2011c,,Rv2011c,Dual,Rv0472c,,Rv0472c,,CGCACCTTGTCGGTAA,R,no,experimental,25581030,Minch et al. 2015
Rv2011c,,Rv2011c,Dual,Rv0774c,,Rv0774c,,CTGCTCAAATCGGAGCTAT;CTGCTCAAATCGGAGCTAT,R,no,experimental,25581030,Minch et al. 2015
Rv2011c,,Rv2011c,Dual,Rv1194c,,Rv1194c,,CGTGTTGAACAACTTGC,R,no,experimental,25581030,Minch et al. 2015
Rv2011c,,Rv2011c,Dual,Rv1881c,,lppE,,TGGCCACGTTGGAG,R,no,experimental,25581030,Minch et al. 2015
Rv2011c,,Rv2011c,Dual,Rv2525c,,Rv2525c,,GCTGAGCACTTTGCAGCTA,R,no,experimental,25581030,Minch et al. 2015
Rv2011c,,Rv2011c,Dual,Rv3035,,Rv3035,,GGGTTGGCCAGCTTGAAC,R,no,experimental,25581030,Minch et al. 2015
Rv2017,,Rv2017,R,Rv2016,,Rv2016,,,R,no,experimental,25581030,Minch et al. 2015
Rv2034,,Rv2034,Dual,Rv1000c,,Rv1000c,,,A,no,experimental,25581030,Minch et al. 2015
Rv2034,,Rv2034,Dual,Rv1251c,,Rv1251c,,TCAACTGCTC,A,no,experimental,25581030,Minch et al. 2015
Rv2034,,Rv2034,Dual,Rv1625c,,cya,OP_Rv1624c,,A,no,experimental,25581030,Minch et al. 2015
Rv2034,,Rv2034,Dual,Rv1720c,,vapC12,,TCAGCTGATC,A,no,experimental,25581030,Minch et al. 2015
Rv2034,,Rv2034,Dual,Rv1816,,Rv1816,,TGATCGCCG,A,no,experimental,25581030,Minch et al. 2015
Rv2034,,Rv2034,Dual,Rv1922,,Rv1922,,TCAGCTCGA,A,no,experimental,25581030,Minch et al. 2015
Rv2034,,Rv2034,Dual,Rv2034,,Rv2034,OP_Rv2028c,TGCTTGCCG,A,no,experimental,25581030,Minch et al. 2015
Rv2034,,Rv2034,Dual,Rv2432c,,Rv2432c,,TCGGGTTATCGACGA;TCGGGTTATCGACGA,A,no,experimental,25581030,Minch et al. 2015
Rv2034,,Rv2034,Dual,Rv2650c,,Rv2650c,OP_Rv2648,GGTTCATCGCCGA,A,no,experimental,25581030,Minch et al. 2015
Rv2034,,Rv2034,Dual,Rv3109,,moaA1,,GTCGGCTCATCGC,A,no,experimental,25581030,Minch et al. 2015
Rv2034,,Rv2034,Dual,Rv3397c,,phyA,,TGGTCGACGA,A,no,experimental,25581030,Minch et al. 2015
Rv2034,,Rv2034,Dual,Rv3488,,Rv3488,,,A,no,experimental,25581030,Minch et al. 2015
Rv2034,,Rv2034,Dual,Rv0202c,,mmpL11,OP_Rv0196,,R,no,experimental,25581030,Minch et al. 2015
Rv2034,,Rv2034,Dual,Rv0356c,,Rv0356c,,,R,no,experimental,25581030,Minch et al. 2015
Rv2034,,Rv2034,Dual,Rv0481c,,Rv0481c,,TCGGC-CGA,R,no,experimental,25581030,Minch et al. 2015
Rv2034,,Rv2034,Dual,Rv0537c,,Rv0537c,,TGGTCGCCGA,R,no,experimental,25581030,Minch et al. 2015
Rv2034,,Rv2034,Dual,Rv0538,,Rv0538,,TGGC-CGGC,R,no,experimental,25581030,Minch et al. 2015
Rv2034,,Rv2034,Dual,Rv0949,,uvrD1,,GGCTAGACGCCG,R,no,experimental,25581030,Minch et al. 2015
Rv2034,,Rv2034,Dual,Rv1812c,,Rv1812c,,GTCGGCTCA,R,no,experimental,25581030,Minch et al. 2015
Rv2034,,Rv2034,Dual,Rv2505c,,fadD35,OP_Rv2498c,TCGGCTGG,R,no,experimental,25581030,Minch et al. 2015
Rv2034,,Rv2034,Dual,Rv2506,,Rv2506,,CGGCGATGA,R,no,experimental,25581030,Minch et al. 2015
Rv2034,,Rv2034,Dual,Rv3529c,,Rv3529c,,,R,no,experimental,25581030,Minch et al. 2015
Rv2034,,Rv2034,Dual,Rv3924c,,rpmH,,,R,no,experimental,25581030,Minch et al. 2015
Rv2034,,Rv2034,Dual,Rv0576,,Rv0576,,TCGTCGCCG,R,no,experimental,25581030,Minch et al. 2015
Rv2034,,Rv2034,Dual,Rv1192,,Rv1192,,,R,no,experimental,25581030,Minch et al. 2015
Rv2034,,Rv2034,Dual,Rv2621c,,Rv2621c,OP_Rv2609c,GGGCTCGCCGA,R,no,experimental,25581030,Minch et al. 2015
Rv2034,,Rv2034,Dual,Rv2622,,Rv2622,,TaaccTGGTCGCTGA,R,no,experimental,25581030,Minch et al. 2015
Rv2034,,Rv2034,Dual,Rv3030,,Rv3030,OP_Rv3028c,,R,no,experimental,25581030,Minch et al. 2015
Rv2034,,Rv2034,Dual,Rv3838c,,pheA,OP_Rv3827c,TCGGCTGGCCGAT,R,no,experimental,25581030,Minch et al. 2015
Rv2034,,Rv2034,Dual,Rv3917c,,parB,,TCGGCtactT,R,no,experimental,25581030,Minch et al. 2015
Rv2034,,Rv2034,Dual,Rv3923c,,rnpA,,,R,no,experimental,25581030,Minch et al. 2015
Rv2069,,sigC,A,Rv0096,,PPE1,,GAATCACTTTGAC,A,no,experimental,25581030,Minch et al. 2015
Rv2069,,sigC,A,Rv0097,,Rv0097,,TGAGTTCAATTGGTCA,A,no,experimental,25581030,Minch et al. 2015
Rv2069,,sigC,A,Rv0103c,,ctpB,,TGGATTCTTTTGGTCCG,A,no,experimental,25581030,Minch et al. 2015
Rv2250c,,Rv2250c,Dual,Rv2666,,Rv2666,,ATGACCGCCCACTACTGGGCTACGA;ATGACCGCCCACTACTGGGCTACGA,A,no,experimental,25581030,Minch et al. 2015
Rv2250c,,Rv2250c,Dual,Rv1047,,Rv1047,,ATGACCGCCCACTACTGGGCTACGA;ATGACCGCCCACTACTGGGCTACGA,A,no,experimental,25581030,Minch et al. 2015
Rv2250c,,Rv2250c,Dual,Rv2250c,,Rv2250c,OP_Rv2249c,TCAGGCCAGGACTCGGCT,A,no,experimental,25581030,Minch et al. 2015
Rv2250c,,Rv2250c,Dual,Rv2504c,,scoA,OP_Rv2498c,,A,no,experimental,25581030,Minch et al. 2015
Rv2250c,,Rv2250c,Dual,Rv0137c,,msrA,,,R,no,experimental,25581030,Minch et al. 2015
Rv2250c,,Rv2250c,Dual,Rv0205,,Rv0205,,ATGGGCGGTACTGGCCATCG,R,no,experimental,25581030,Minch et al. 2015
Rv2250c,,Rv2250c,Dual,Rv0252,,nirB,,GTCGCCGGAGACTTCACGCCG,R,no,experimental,25581030,Minch et al. 2015
Rv2250c,,Rv2250c,Dual,Rv0319,,pcp,,GTCGAGGCGCACGAAACGCCG,R,no,experimental,25581030,Minch et al. 2015
Rv2250c,,Rv2250c,Dual,Rv0537c,,Rv0537c,,,R,no,experimental,25581030,Minch et al. 2015
Rv2250c,,Rv2250c,Dual,Rv1145,,mmpL13a,,TGCGACTGGGCGCCG,R,no,experimental,25581030,Minch et al. 2015
Rv2250c,,Rv2250c,Dual,Rv1561,,vapC11,,,R,no,experimental,25581030,Minch et al. 2015
Rv2250c,,Rv2250c,Dual,Rv1747,,Rv1747,,CGTCTGGGCG,R,no,experimental,25581030,Minch et al. 2015
Rv2250c,,Rv2250c,Dual,Rv1868,,Rv1868,,TCGGCCGGTATTCGCAGACG,R,no,experimental,25581030,Minch et al. 2015
Rv2250c,,Rv2250c,Dual,Rv2250A,,Rv2250A,,CGGGCAGTGTGCGC,R,no,experimental,25581030,Minch et al. 2015
Rv2250c,,Rv2250c,Dual,Rv2390c,,Rv2390c,OP_Rv2389c,CCCGCTTGAGGTCGATG,R,no,experimental,25581030,Minch et al. 2015
Rv2250c,,Rv2250c,Dual,Rv2535c,,pepQ,OP_Rv2532c,TCGACGGCCAGCTGTGGAC,R,no,experimental,25581030,Minch et al. 2015
Rv2250c,,Rv2250c,Dual,Rv2905,,lppW,,TGACCGGGAACGTCTCGGCGATG,R,no,experimental,25581030,Minch et al. 2015
Rv2250c,,Rv2250c,Dual,Rv3330,,dacB1,,CTAGGCCAGGTATCCGCG,R,no,experimental,25581030,Minch et al. 2015
Rv2250c,,Rv2250c,Dual,Rv3710,,leuA,,GTGGTGGACGCAGAGT,R,no,experimental,25581030,Minch et al. 2015
Rv2250c,,Rv2250c,Dual,Rv3893c,,PE36,OP_Rv3892c,,R,no,experimental,25581030,Minch et al. 2015
Rv2250c,,Rv2250c,Dual,Rv3115,,Rv3115,,ATGACCGCCCACTACTGGGCTACGA;ATGACCGCCCACTACTGGGCTACGA,A,no,experimental,25581030,Minch et al. 2015
Rv2250c,,Rv2250c,Dual,Rv0138,,Rv0138,,TTCCAGCAGGGTGCG,R,no,experimental,25581030,Minch et al. 2015
Rv2250c,,Rv2250c,Dual,Rv0196,,Rv0196,,,R,no,experimental,25581030,Minch et al. 2015
Rv2250c,,Rv2250c,Dual,Rv0262c,,aac,,GACGATTGGGCCAC,R,no,experimental,25581030,Minch et al. 2015
Rv2250c,,Rv2250c,Dual,Rv0318c,,Rv0318c,,CCCGGTTCTCGGCGACGA;CCCGGTTCTCGGCGACGA;CCCGGTTCTCGGCGACGA,R,no,experimental,25581030,Minch et al. 2015
Rv2250c,,Rv2250c,Dual,Rv0367c,,Rv0367c,,,R,no,experimental,25581030,Minch et al. 2015
Rv2250c,,Rv2250c,Dual,Rv0757,,phoP,,GCCAACGTGTCGGCGACG,R,no,experimental,25581030,Minch et al. 2015
Rv2250c,,Rv2250c,Dual,Rv0877,,Rv0877,,GTCTTCCGGCAGTATTGG,R,no,experimental,25581030,Minch et al. 2015
Rv2250c,,Rv2250c,Dual,Rv2737c,,recA,OP_Rv2736c,GTGACACGCCGCGTGTGG,R,no,experimental,25581030,Minch et al. 2015
Rv2250c,,Rv2250c,Dual,Rv2749,,Rv2749,,GTCAAAGGCCACTTC,R,no,experimental,25581030,Minch et al. 2015
Rv2250c,,Rv2250c,Dual,Rv3267,,Rv3267,OP_Rv3264c,CGGTCTGGTCGTCG,R,no,experimental,25581030,Minch et al. 2015
Rv2250c,,Rv2250c,Dual,Rv3631,,Rv3631,,TGCGGTCAGTCTTCGACCACG,R,no,experimental,25581030,Minch et al. 2015
Rv2250c,,Rv2250c,Dual,Rv3711c,,dnaQ,,GTGTGGTGGTCGACT,R,no,experimental,25581030,Minch et al. 2015
Rv2250c,,Rv2250c,Dual,Rv3854c,,ethA,,CCGGCCAGGTGTTGACG,R,no,experimental,25581030,Minch et al. 2015
Rv2282c,,Rv2282c,A,Rv2282c,,Rv2282c,,,A,no,experimental,25581030,Minch et al. 2015
Rv2324,,Rv2324,R,Rv0838,,lpqR,,CAAGCAGTCGCGG,R,no,experimental,25581030,Minch et al. 2015
Rv2324,,Rv2324,R,Rv1646,,PE17,,GGACCAAATCGTGG,R,no,experimental,25581030,Minch et al. 2015
Rv2324,,Rv2324,R,Rv2311,,Rv2311,,CAACACGTCGTCG,R,no,experimental,25581030,Minch et al. 2015
Rv2324,,Rv2324,R,Rv2312,,Rv2312,,CAACACGTCGTCG,R,no,experimental,25581030,Minch et al. 2015
Rv2324,,Rv2324,R,Rv2323c,,Rv2323c,OP_Rv2313c,CAACATATCGCTG;CAACATATCGCTG,R,no,experimental,25581030,Minch et al. 2015
Rv2324,,Rv2324,R,Rv2645,,Rv2645,,ACGAGATCGTCG,R,no,experimental,25581030,Minch et al. 2015
Rv2324,,Rv2324,R,Rv2646,,Rv2646,OP_Rv2645,ACGAGATCGTCG,R,no,experimental,25581030,Minch et al. 2015
Rv2324,,Rv2324,R,Rv2803,,Rv2803,,ACCAGTCGTTG;ACCAGTCGTTG,R,no,experimental,25581030,Minch et al. 2015
Rv2324,,Rv2324,R,Rv3144c,,PPE52,,GCTACGACTCGCTG,R,no,experimental,25581030,Minch et al. 2015
Rv2324,,Rv2324,R,Rv0568,,cyp135B1,,ACGAATCGTCG,R,no,experimental,25581030,Minch et al. 2015
Rv2324,,Rv2324,R,Rv1832,,gcvB,,ACGGAATCGTCG,R,no,experimental,25581030,Minch et al. 2015
Rv2324,,Rv2324,R,Rv2162c,,PE_PGRS38,,ACACGTCGTCG,R,no,experimental,25581030,Minch et al. 2015
Rv2359,,zur,R,Rv0280,,PPE3,,AATGAAAATCATGTTCATC,R,no,experimental,25581030,Minch et al. 2015
Rv2359,,zur,R,Rv2990c,,Rv2990c,,GATATTCATTTTCA,R,no,experimental,25581030,Minch et al. 2015
Rv2359,,zur,R,Rv1386,,PE15,,ATGATATTCATATTC,R,no,experimental,25581030,Minch et al. 2015
Rv2359,,zur,R,Rv2059,,Rv2059,OP_Rv2052c,GATGACAATCATGTTCATC,R,no,experimental,25581030,Minch et al. 2015
Rv2506,,Rv2506,Dual,Rv2504c,,scoA,OP_Rv2498c,,R,no,experimental,25581030,Minch et al. 2015
Rv2506,,Rv2506,Dual,Rv2505c,,fadD35,OP_Rv2498c,,R,no,experimental,25581030,Minch et al. 2015
Rv2506,,Rv2506,Dual,Rv2506,,Rv2506,,GTTAACGCGAGTCAG,A,no,experimental,25581030,Minch et al. 2015
Rv2595,,vapB40,A,Rv2595,,vapB40,OP_Rv2592c,,A,no,experimental,25581030,Minch et al. 2015
Rv2760c,,vapB42,A,Rv2760c,,vapB42,OP_Rv2759c,,A,no,experimental,25581030,Minch et al. 2015
Rv2779c,,Rv2779c,A,Rv2779c,,Rv2779c,,GGGTCGAACATC;GGGTCGAACATC,A,no,experimental,25581030,Minch et al. 2015
Rv2788,,sirR,Dual,Rv3848,,Rv3848,,CGTTGTCGACG,A,no,experimental,25581030,Minch et al. 2015
Rv2788,,sirR,Dual,Rv1981c,,nrdF1,,ATGCCGCTGTTG,R,no,experimental,25581030,Minch et al. 2015
Rv2827c,,Rv2827c,Dual,Rv2827c,,Rv2827c,,AATCACTTGATTTAGGA,A,no,experimental,25581030,Minch et al. 2015
Rv2827c,,Rv2827c,Dual,Rv0757,,phoP,,AAATCAGCTTGGA,R,no,experimental,25581030,Minch et al. 2015
Rv2887,,Rv2887,Dual,Rv2887,,Rv2887,,TGTCAGTATCCTTGAC,A,no,experimental,25581030,Minch et al. 2015
Rv2887,,Rv2887,Dual,Rv1983,,PE_PGRS35,,CAGGGTCTTTGAT,R,no,experimental,25581030,Minch et al. 2015
Rv2887,,Rv2887,Dual,Rv2338c,,moeW,,TGTCAGGTACGTTGA,R,no,experimental,25581030,Minch et al. 2015
Rv2887,,Rv2887,Dual,Rv2964,,purU,,,R,no,experimental,25581030,Minch et al. 2015
Rv2887,,Rv2887,Dual,Rv3127,,Rv3127,,TGTCCACAACGTTGA,R,no,experimental,25581030,Minch et al. 2015
Rv2887,,Rv2887,Dual,Rv1565c,,Rv1565c,,TGTCAACCATGTTGAC,R,no,experimental,25581030,Minch et al. 2015
Rv2887,,Rv2887,Dual,Rv1963c,,mce3R,,,R,no,experimental,25581030,Minch et al. 2015
Rv2887,,Rv2887,Dual,Rv3164c,,moxR3,OP_Rv3162c,TGTCAAGGAACTTG,R,no,experimental,25581030,Minch et al. 2015
Rv2912c,,Rv2912c,R,Rv2913c,,Rv2913c,OP_Rv2912c,TAGATAGCGA;TAGATAGCGA,R,no,experimental,25581030,Minch et al. 2015
Rv2989,,Rv2989,Dual,Rv1356c,,Rv1356c,OP_Rv1354c,,A,no,experimental,25581030,Minch et al. 2015
Rv2989,,Rv2989,Dual,Rv3303c,,lpdA,OP_Rv3302c,,R,no,experimental,25581030,Minch et al. 2015
Rv3050c,,Rv3050c,R,Rv0885,,Rv0885,,ACTCCCAGTCGATAT,R,no,experimental,25581030,Minch et al. 2015
Rv3066,,Rv3066,R,Rv3065,,mmr,,ATGTACAAATGTAC,R,no,experimental,25581030,Minch et al. 2015
Rv3082c,,virS,A,Rv3082c,,virS,,,A,no,experimental,25581030,Minch et al. 2015
Rv3095,,Rv3095,Dual,Rv3095,,Rv3095,,,A,no,experimental,25581030,Minch et al. 2015
Rv3095,,Rv3095,Dual,Rv3094c,,Rv3094c,OP_Rv3093c,,R,no,experimental,25581030,Minch et al. 2015
Rv3133c,,devR,Dual,Rv0569,,Rv0569,,CCGACGAAGAC,A,no,experimental,25581030,Minch et al. 2015
Rv3133c,,devR,Dual,Rv0570,,nrdZ,OP_Rv0569,GAATGTCCTCAACGG;GAATGTCCTCAACGG,A,no,experimental,25581030,Minch et al. 2015
Rv3133c,,devR,Dual,Rv1734c,,Rv1734c,,,A,no,experimental,25581030,Minch et al. 2015
Rv3133c,,devR,Dual,Rv1997,,ctpF,,,A,no,experimental,25581030,Minch et al. 2015
Rv3133c,,devR,Dual,Rv2005c,,Rv2005c,,CACGTTGTCGAGGCCGA,A,no,experimental,25581030,Minch et al. 2015
Rv3133c,,devR,Dual,Rv2629,,Rv2629,,GGCCCAAGTGCCCTAAGGTGA,A,no,experimental,25581030,Minch et al. 2015
Rv3133c,,devR,Dual,Rv3127,,Rv3127,,ATGTCCACAACGTTGAC,A,no,experimental,25581030,Minch et al. 2015
Rv3133c,,devR,Dual,Rv3134c,,Rv3134c,OP_Rv3132c,,A,no,experimental,25581030,Minch et al. 2015
Rv3133c,,devR,Dual,Rv3546,,fadA5,,,A,no,experimental,25581030,Minch et al. 2015
Rv3133c,,devR,Dual,Rv0116c,,ldtA,,ACGGTTCCCAC,R,no,experimental,25581030,Minch et al. 2015
Rv3133c,,devR,Dual,Rv0456A,,mazF1,,ACAAGGTCGCCCAAGA,R,no,experimental,25581030,Minch et al. 2015
Rv3133c,,devR,Dual,Rv1036c,,Rv1036c,,,R,no,experimental,25581030,Minch et al. 2015
Rv3133c,,devR,Dual,Rv2307A,,Rv2307A,,,R,no,experimental,25581030,Minch et al. 2015
Rv3133c,,devR,Dual,Rv2336,,Rv2336,,GCCAAGGTCCTCG,R,no,experimental,25581030,Minch et al. 2015
Rv3133c,,devR,Dual,Rv2421c,,nadD,OP_Rv2417c,ATGCTCTCGAAGTCGGA,R,no,experimental,25581030,Minch et al. 2015
Rv3133c,,devR,Dual,Rv2709,,Rv2709,,GAAAGCTCTCGAAGCCGG;GAAAGCTCTCGAAGCCGG;GAAAGCTCTCGAAGCCGG;GAAAGCTCTCGAAGCCGG,R,no,experimental,25581030,Minch et al. 2015
Rv3133c,,devR,Dual,Rv0079,,Rv0079,,,A,no,experimental,25581030,Minch et al. 2015
Rv3133c,,devR,Dual,Rv0571c,,Rv0571c,,TCGTCGATGACGG,A,no,experimental,25581030,Minch et al. 2015
Rv3133c,,devR,Dual,Rv0572c,,Rv0572c,,TCGTCGATGACGG,A,no,experimental,25581030,Minch et al. 2015
Rv3133c,,devR,Dual,Rv1129c,,Rv1129c,,GAAAACGTCCTCGAA,A,no,experimental,25581030,Minch et al. 2015
Rv3133c,,devR,Dual,Rv1130,,prpD,,GAAAACGTCCTCGAA,A,no,experimental,25581030,Minch et al. 2015
Rv3133c,,devR,Dual,Rv1738,,Rv1738,,CACGATCTTCGCCGTCGGC;CACGATCTTCGCCGTCGGC,A,no,experimental,25581030,Minch et al. 2015
Rv3133c,,devR,Dual,Rv1996,,Rv1996,,AGTCCTCGATGAAG,A,no,experimental,25581030,Minch et al. 2015
Rv3133c,,devR,Dual,Rv2006,,otsB1,,CACGTTGTCGAGGCCGA;CACGTTGTCGAGGCCGA,A,no,experimental,25581030,Minch et al. 2015
Rv3133c,,devR,Dual,Rv2007c,,fdxA,,GACGGTCCGCGACGTCGGA,A,no,experimental,25581030,Minch et al. 2015
Rv3133c,,devR,Dual,Rv2031c,,hspX,OP_Rv2028c,AGTCCACGACGATGAC,A,no,experimental,25581030,Minch et al. 2015
Rv3133c,,devR,Dual,Rv2032,,acg,,GGTCAATGGTCCCCAAGTGG,A,no,experimental,25581030,Minch et al. 2015
Rv3133c,,devR,Dual,Rv2301,,cut2,,GGTGAAGGTCCACCA,A,no,experimental,25581030,Minch et al. 2015
Rv3133c,,devR,Dual,Rv2623,,TB31.7,,ACGGCTGTCAA,A,no,experimental,25581030,Minch et al. 2015
Rv3133c,,devR,Dual,Rv2626c,,hrp1,,GTCCTCGCCGTAGG,A,no,experimental,25581030,Minch et al. 2015
Rv3133c,,devR,Dual,Rv2628,,Rv2628,,GGCCCAAGTGCCCTAAGGTGA;GGCCCAAGTGCCCTAAGGTGA,A,no,experimental,25581030,Minch et al. 2015
Rv3133c,,devR,Dual,Rv3125c,,PPE49,,ATGTCCACAACGTTGAC,A,no,experimental,25581030,Minch et al. 2015
Rv3133c,,devR,Dual,Rv3126c,,Rv3126c,,ATGTCCACAACGTTGAC;ATGTCCACAACGTTGAC,A,no,experimental,25581030,Minch et al. 2015
Rv3133c,,devR,Dual,Rv3130c,,tgs1,,,A,no,experimental,25581030,Minch et al. 2015
Rv3133c,,devR,Dual,Rv3131,,Rv3131,,GTCCCTCTCGCCGACGTCG,A,no,experimental,25581030,Minch et al. 2015
Rv3133c,,devR,Dual,Rv0011c,,Rv0011c,,,R,no,experimental,25581030,Minch et al. 2015
Rv3160c,,Rv3160c,R,Rv3161c,,Rv3161c,,,R,no,experimental,25581030,Minch et al. 2015
Rv3164c,,moxR3,A,Rv3164c,,moxR3,OP_Rv3162c,,A,no,experimental,25581030,Minch et al. 2015
Rv3167c,,Rv3167c,R,Rv1895,,Rv1895,,TAGCGTAATTCGCAGC,R,no,experimental,25581030,Minch et al. 2015
Rv3173c,,Rv3173c,A,Rv3173c,,Rv3173c,,CAAAGTACACCAATCGGTTTAC,A,no,experimental,25581030,Minch et al. 2015
Rv3183,,Rv3183,R,Rv3182,,Rv3182,OP_Rv3180c,,R,no,experimental,25581030,Minch et al. 2015
Rv3223c,,sigH,Dual,Rv1875,,Rv1875,OP_Rv1874,,A,no,experimental,25581030,Minch et al. 2015
Rv3223c,,sigH,Dual,Rv2466c,,Rv2466c,,AACGCCGGCGCA,A,no,experimental,25581030,Minch et al. 2015
Rv3223c,,sigH,Dual,Rv3350c,,PPE56,,GGCAATGCGAGCAAA,A,no,experimental,25581030,Minch et al. 2015
Rv3223c,,sigH,Dual,Rv3913,,trxB2,,TTTCGAGTGCGAGGGC,A,no,experimental,25581030,Minch et al. 2015
Rv3223c,,sigH,Dual,Rv1471,,trxB1,OP_Rv1470,,A,no,experimental,25581030,Minch et al. 2015
Rv3223c,,sigH,Dual,Rv1528c,,papA4,,TTCCACATGCCGG,A,no,experimental,25581030,Minch et al. 2015
Rv3223c,,sigH,Dual,Rv2467,,pepN,,,A,no,experimental,25581030,Minch et al. 2015
Rv3223c,,sigH,Dual,Rv2707,,Rv2707,,,A,no,experimental,25581030,Minch et al. 2015
Rv3223c,,sigH,Dual,Rv3206c,,moeB1,OP_Rv3201c,TTGGTTGAGGCCGC,A,no,experimental,25581030,Minch et al. 2015
Rv3223c,,sigH,Dual,Rv3223c,,sigH,OP_Rv3221A,,A,no,experimental,25581030,Minch et al. 2015
Rv3223c,,sigH,Dual,Rv0053,,rpsF,,,R,no,experimental,25581030,Minch et al. 2015
Rv3249c,,Rv3249c,Dual,Rv3409c,,choD,,CCTCGATGTC,A,no,experimental,25581030,Minch et al. 2015
Rv3249c,,Rv3249c,Dual,Rv2574,,Rv2574,,GACGTCGTCGAC,R,no,experimental,25581030,Minch et al. 2015
Rv3249c,,Rv3249c,Dual,Rv2887,,Rv2887,,ATGTCGATGAC;ATGTCGATGAC,R,no,experimental,25581030,Minch et al. 2015
Rv3249c,,Rv3249c,Dual,Rv0032,,bioF2,,,A,no,experimental,25581030,Minch et al. 2015
Rv3249c,,Rv3249c,Dual,Rv0097,,Rv0097,,,A,no,experimental,25581030,Minch et al. 2015
Rv3249c,,Rv3249c,Dual,Rv0404,,fadD30,OP_Rv0402c,AACGATGAC,A,no,experimental,25581030,Minch et al. 2015
Rv3249c,,Rv3249c,Dual,Rv2107,,PE22,,,A,no,experimental,25581030,Minch et al. 2015
Rv3249c,,Rv3249c,Dual,Rv2108,,PPE36,OP_Rv2107,,A,no,experimental,25581030,Minch et al. 2015
Rv3249c,,Rv3249c,Dual,Rv3554,,fdxB,OP_Rv3548c,ACGTCGATGA,A,no,experimental,25581030,Minch et al. 2015
Rv3249c,,Rv3249c,Dual,Rv0634c,,Rv0634c,,GTTGATGAC,R,no,experimental,25581030,Minch et al. 2015
Rv3249c,,Rv3249c,Dual,Rv1565c,,Rv1565c,,,R,no,experimental,25581030,Minch et al. 2015
Rv3249c,,Rv3249c,Dual,Rv3006,,lppZ,,GTCGTCGT,R,no,experimental,25581030,Minch et al. 2015
Rv3249c,,Rv3249c,Dual,Rv3252c,,alkB,OP_Rv3249c,ACGTCTACGA,R,no,experimental,25581030,Minch et al. 2015
Rv3260c,,whiB2,A,Rv2147c,,Rv2147c,,TTCGCGCGATTCGC,A,no,experimental,25581030,Minch et al. 2015
Rv3260c,,whiB2,A,Rv2331,,Rv2331,,AAATTCCCAGTTTTCGC;AAATTCCCAGTTTTCGC,A,no,experimental,25581030,Minch et al. 2015
Rv3260c,,whiB2,A,Rv3587c,,Rv3587c,,AAACGCGCTTGACCCG,A,no,experimental,25581030,Minch et al. 2015
Rv3286c,,sigF,A,Rv0759c,,Rv0759c,,GGTGGTGccacgCGCCGAAATCGACCACTG,A,no,experimental,25581030,Minch et al. 2015
Rv3286c,,sigF,A,Rv2884,,Rv2884,,,A,no,experimental,25581030,Minch et al. 2015
Rv3286c,,sigF,A,Rv0213c,,Rv0213c,OP_Rv0212c,,A,no,experimental,25581030,Minch et al. 2015
Rv3286c,,sigF,A,Rv0941c,,Rv0941c,,TCGAGGTGCGCC,A,no,experimental,25581030,Minch et al. 2015
Rv3286c,,sigF,A,Rv3287c,,rsbW,OP_Rv3286c,GCGCCAGGTTC,A,no,experimental,25581030,Minch et al. 2015
Rv3291c,,lrpA,A,Rv3290c,,lat,,,A,no,experimental,25581030,Minch et al. 2015
Rv3405c,,Rv3405c,A,Rv3405c,,Rv3405c,,,A,no,experimental,25581030,Minch et al. 2015
Rv3414c,,sigD,A,Rv3414c,,sigD,OP_Rv3410c,,A,no,experimental,25581030,Minch et al. 2015
Rv3416,,whiB3,Dual,Rv0950c,,Rv0950c,,AGACGTTATCCGCAACCGGA,A,no,experimental,25581030,Minch et al. 2015
Rv3416,,whiB3,Dual,Rv0167,,yrbE1A,,AGACGTTCTGCATCAGCTGGT,R,no,experimental,25581030,Minch et al. 2015
Rv3417c,,groEL1,A,Rv3417c,,groEL1,OP_Rv3410c,,A,no,experimental,25581030,Minch et al. 2015
Rv3488,,Rv3488,Dual,Rv2983,,Rv2983,,CGCCGATGTCGTCGGCACCGA,A,no,experimental,25581030,Minch et al. 2015
Rv3488,,Rv3488,Dual,Rv3488,,Rv3488,,AGCCGATATCGGCTTGG,A,no,experimental,25581030,Minch et al. 2015
Rv3488,,Rv3488,Dual,Rv0154c,,fadE2,OP_Rv0153c,GCCGACGTCGTTGTCA,R,no,experimental,25581030,Minch et al. 2015
Rv3488,,Rv3488,Dual,Rv1952,,vapB14,,GCGATATCGTCATCTCCGATG,R,no,experimental,25581030,Minch et al. 2015
Rv3488,,Rv3488,Dual,Rv2343c,,dnaG,,CGAGGATGTCGTCGGCGACTAT,R,no,experimental,25581030,Minch et al. 2015
Rv3557c,,Rv3557c,Dual,Rv3549c,,Rv3549c,OP_Rv3548c,AGCAAGCACTTGCT,R,no,experimental,25581030,Minch et al. 2015
Rv3557c,,Rv3557c,Dual,Rv3550,,echA20,OP_Rv3548c,AGCAAGCACTTGCT,R,no,experimental,25581030,Minch et al. 2015
Rv3557c,,Rv3557c,Dual,Rv0793,,Rv0793,,CGGGCGCTTG,A,no,experimental,25581030,Minch et al. 2015
Rv3557c,,Rv3557c,Dual,Rv3560c,,fadE30,OP_Rv3556c,AGCAAGCGCTTGG,R,no,experimental,25581030,Minch et al. 2015
Rv3557c,,Rv3557c,Dual,Rv3561,,fadD3,OP_Rv3556c,AGCAAGCGCTTGG,R,no,experimental,25581030,Minch et al. 2015
Rv3574,,kstR,Dual,Rv0257,,Rv0257,,GATGGTGTTGA,R,no,experimental,25581030,Minch et al. 2015
Rv3574,,kstR,Dual,Rv0940c,,Rv0940c,,TAGAACACGTTC,R,no,experimental,25581030,Minch et al. 2015
Rv3574,,kstR,Dual,Rv0953c,,Rv0953c,,GaatTAGAACGTGTTCC,R,no,experimental,25581030,Minch et al. 2015
Rv3574,,kstR,Dual,Rv1159,,pimE,,CCCTGGTTAGCGGTGA;CCCTGGTTAGCGGTGA,R,no,experimental,25581030,Minch et al. 2015
Rv3574,,kstR,Dual,Rv1161,,narG,,,R,no,experimental,25581030,Minch et al. 2015
Rv3574,,kstR,Dual,Rv1164,,narI,OP_Rv1161,TTGTCGAGGTTCA,R,no,experimental,25581030,Minch et al. 2015
Rv3574,,kstR,Dual,Rv1204c,,Rv1204c,,,R,no,experimental,25581030,Minch et al. 2015
Rv3574,,kstR,Dual,Rv1205,,Rv1205,,CTGGTCGGTG;CTGGTCGGTG,R,no,experimental,25581030,Minch et al. 2015
Rv3574,,kstR,Dual,Rv1237,,sugB,OP_Rv1234,ATCGTTGGCG,R,no,experimental,25581030,Minch et al. 2015
Rv3574,,kstR,Dual,Rv1628c,,Rv1628c,OP_Rv1627c,TGGACAACGTTGA,R,no,experimental,25581030,Minch et al. 2015
Rv3574,,kstR,Dual,Rv1894c,,Rv1894c,,TCGACGATGGTG,R,no,experimental,25581030,Minch et al. 2015
Rv3574,,kstR,Dual,Rv1912c,,fadB5,,,R,no,experimental,25581030,Minch et al. 2015
Rv3574,,kstR,Dual,Rv1913,,Rv1913,,TCGAACAGGGTG,R,no,experimental,25581030,Minch et al. 2015
Rv3574,,kstR,Dual,Rv3371,,Rv3371,,TCGTCAACGGTG,R,no,experimental,25581030,Minch et al. 2015
Rv3574,,kstR,Dual,Rv3516,,echA19,,CCTCGTCGGCGTTGA,R,no,experimental,25581030,Minch et al. 2015
Rv3574,,kstR,Dual,Rv3526,,kshA,,TGGTTGGCGATCA,R,no,experimental,25581030,Minch et al. 2015
Rv3574,,kstR,Dual,Rv3531c,,Rv3531c,OP_Rv3529c,,R,no,experimental,25581030,Minch et al. 2015
Rv3574,,kstR,Dual,Rv3536c,,hsaE,OP_Rv3534c,TCGTAGGCGTCG,R,no,experimental,25581030,Minch et al. 2015
Rv3574,,kstR,Dual,Rv3537,,kstD,OP_Rv3534c,TCGTAGGCGTCG;TCGTAGGCGTCG,R,no,experimental,25581030,Minch et al. 2015
Rv3574,,kstR,Dual,Rv3574,,kstR,,TAGAACGTGTTC,A,no,experimental,25581030,Minch et al. 2015
Rv3574,,kstR,Dual,Rv0405,,pks6,OP_Rv0402c,CTGGACTATGTTGC,R,no,experimental,25581030,Minch et al. 2015
Rv3574,,kstR,Dual,Rv0512,,hemB,OP_Rv0509,TCGACGGCGGTC,R,no,experimental,25581030,Minch et al. 2015
Rv3574,,kstR,Dual,Rv0551c,,fadD8,,TCGTCGACGGTGA,R,no,experimental,25581030,Minch et al. 2015
Rv3574,,kstR,Dual,Rv0687,,Rv0687,,TCGGCGACGGTGA,R,no,experimental,25581030,Minch et al. 2015
Rv3574,,kstR,Dual,Rv0772,,purD,OP_Rv0762c,TCGATGATGTTC,R,no,experimental,25581030,Minch et al. 2015
Rv3574,,kstR,Dual,Rv1960c,,parD1,OP_Rv1959c,CCaattgttggTAGTAGGTGT,R,no,experimental,25581030,Minch et al. 2015
Rv3574,,kstR,Dual,Rv2118c,,Rv2118c,,TCGACCGCATTGA,R,no,experimental,25581030,Minch et al. 2015
Rv3574,,kstR,Dual,Rv2556c,,Rv2556c,,CTGGGACGGGT,R,no,experimental,25581030,Minch et al. 2015
Rv3574,,kstR,Dual,Rv2799,,Rv2799,,TCGTAGCTGGTC;TCGTAGCTGGTC,R,no,experimental,25581030,Minch et al. 2015
Rv3574,,kstR,Dual,Rv3515c,,fadD19,,TCGACGGCGGCGA,R,no,experimental,25581030,Minch et al. 2015
Rv3574,,kstR,Dual,Rv3521,,Rv3521,,TAGAACCTGTT,R,no,experimental,25581030,Minch et al. 2015
Rv3574,,kstR,Dual,Rv3528c,,Rv3528c,,GCCGGGTT,R,no,experimental,25581030,Minch et al. 2015
Rv3574,,kstR,Dual,Rv3546,,fadA5,,TCGTTGCCGGTCA,R,no,experimental,25581030,Minch et al. 2015
Rv3574,,kstR,Dual,Rv3570c,,hsaA,OP_Rv3567c,,R,no,experimental,25581030,Minch et al. 2015
Rv3574,,kstR,Dual,Rv3631,,Rv3631,,,R,no,experimental,25581030,Minch et al. 2015
Rv3597c,,lsr2,Dual,Rv1116,,Rv1116,,TCTCCAACG,A,no,experimental,25581030,Minch et al. 2015
Rv3597c,,lsr2,Dual,Rv3597c,,lsr2,,CGGCGAATCTCTC,A,no,experimental,25581030,Minch et al. 2015
Rv3597c,,lsr2,Dual,Rv1665,,pks11,OP_Rv1660,GTATTTCTCCA,A,no,experimental,25581030,Minch et al. 2015
Rv3597c,,lsr2,Dual,Rv3112,,moaD1,OP_Rv3109,,A,no,experimental,25581030,Minch et al. 2015
Rv3597c,,lsr2,Dual,Rv0320,,Rv0320,,,R,no,experimental,25581030,Minch et al. 2015
Rv3681c,,whiB4,A,Rv0757,,phoP,,,A,no,experimental,25581030,Minch et al. 2015
Rv3736,,Rv3736,Dual,Rv1869c,,Rv1869c,,,R,no,experimental,25581030,Minch et al. 2015
Rv3736,,Rv3736,Dual,Rv3856c,,Rv3856c,,CTCGGATTTGA,R,no,experimental,25581030,Minch et al. 2015
Rv3736,,Rv3736,Dual,Rv3736,,Rv3736,,GATCACGACGTTGA,A,no,experimental,25581030,Minch et al. 2015
Rv3744,,nmtR,A,Rv3744,,nmtR,,,A,no,experimental,25581030,Minch et al. 2015
Rv3765c,,tcrX,Dual,Rv0113,,gmhA,,GTTTGACTCAGACGATT,A,no,experimental,25581030,Minch et al. 2015
Rv3765c,,tcrX,Dual,Rv1986,,Rv1986,,TGATCGCCGCGATTgG,A,no,experimental,25581030,Minch et al. 2015
Rv3765c,,tcrX,Dual,Rv3144c,,PPE52,,TGCGATCGAGATGA,A,no,experimental,25581030,Minch et al. 2015
Rv3765c,,tcrX,Dual,Rv3706c,,Rv3706c,OP_Rv3705A,ATGTAGCAGCTGTGAGCGCGC;ATGTAGCAGCTGTGAGCGCGC,A,no,experimental,25581030,Minch et al. 2015
Rv3765c,,tcrX,Dual,Rv3765c,,tcrX,OP_Rv3764c,TTGTGCTCGACGTGAT,A,no,experimental,25581030,Minch et al. 2015
Rv3765c,,tcrX,Dual,Rv0095c,,Rv0095c,,AGTGACACAAGGGAT,R,no,experimental,25581030,Minch et al. 2015
Rv3765c,,tcrX,Dual,Rv3019c,,esxR,,,R,no,experimental,25581030,Minch et al. 2015
Rv3830c,,Rv3830c,A,Rv3830c,,Rv3830c,OP_Rv3827c,GGCAGTGTTGCCGTC,A,no,experimental,25581030,Minch et al. 2015
Rv3833,,Rv3833,A,Rv3833,,Rv3833,,,A,no,experimental,25581030,Minch et al. 2015
Rv3849,,espR,Dual,Rv1364c,,Rv1364c,,CCACGATTGCTGAGCCTA,R,no,experimental,25581030,Minch et al. 2015
Rv3849,,espR,Dual,Rv1490,,Rv1490,,GGCATTGGCGGTGCCGAC,R,no,experimental,25581030,Minch et al. 2015
Rv3849,,espR,Dual,Rv1497,,lipL,,CCAGTATTTGCTGAGCCGCC,R,no,experimental,25581030,Minch et al. 2015
Rv3849,,espR,Dual,Rv1816,,Rv1816,,GTTGTCGCTTCGGGCAATTGC;GTTGTCGCTTCGGGCAATTGC,R,no,experimental,25581030,Minch et al. 2015
Rv3849,,espR,Dual,Rv2783c,,gpsI,OP_Rv2782c,ATGTTGTCGTCGTCGAGGTAGGCGA,R,no,experimental,25581030,Minch et al. 2015
Rv3849,,espR,Dual,Rv3715c,,recR,,GTTGTCGTTGCCA,R,no,experimental,25581030,Minch et al. 2015
Rv3849,,espR,Dual,Rv3781,,rfbE,OP_Rv3779,TGTTGGCGTTGCCAAT,R,no,experimental,25581030,Minch et al. 2015
Rv3849,,espR,Dual,Rv3812,,PE_PGRS62,,GCGCCGGCGATTCC,R,no,experimental,25581030,Minch et al. 2015
Rv3849,,espR,Dual,Rv0397,,Rv0397,,TCGGTGCCATCATTTGCTGG,A,no,experimental,25581030,Minch et al. 2015
Rv3849,,espR,Dual,Rv1089A,,celA2a,,GATTTTGTCGGCGCCGAC,A,no,experimental,25581030,Minch et al. 2015
Rv3849,,espR,Dual,Rv2143,,Rv2143,,AATGCTG-CGCTGCCGGCGTTGGCTG,A,no,experimental,25581030,Minch et al. 2015
Rv3849,,espR,Dual,Rv0033,,acpA,OP_Rv0032,ACGCCGCCAGGTTGTCCGGGGCCGAC,R,no,experimental,25581030,Minch et al. 2015
Rv3849,,espR,Dual,Rv0172,,mce1D,OP_Rv0167,TCTCGTTGACGGCGGTGCCAA,R,no,experimental,25581030,Minch et al. 2015
Rv3849,,espR,Dual,Rv0386,,Rv0386,,GGTCGGCCGGAATGGCTGGGCTGA,R,no,experimental,25581030,Minch et al. 2015
Rv3849,,espR,Dual,Rv0873,,fadE10,,TATTGGCGACGCCGGAGATGG,R,no,experimental,25581030,Minch et al. 2015
Rv3849,,espR,Dual,Rv1478,,Rv1478,OP_Rv1477,ATATTGGCGGTGaCCTGCGCTGACG,R,no,experimental,25581030,Minch et al. 2015
Rv3849,,espR,Dual,Rv1762c,,Rv1762c,OP_Rv1756c,GCCGGTATTTACGACGCGG,R,no,experimental,25581030,Minch et al. 2015
Rv3849,,espR,Dual,Rv1824,,Rv1824,OP_Rv1822,TAGCCGGCGTT,R,no,experimental,25581030,Minch et al. 2015
Rv3849,,espR,Dual,Rv2145c,,wag31,,ACATTGTGGACGTCGGCA,R,no,experimental,25581030,Minch et al. 2015
Rv3849,,espR,Dual,Rv2237,,Rv2237,,CAATGTTGTTGCCGGCAGCGAA,R,no,experimental,25581030,Minch et al. 2015
Rv3849,,espR,Dual,Rv2307A,,Rv2307A,,CAACGTTATCGGCggtaGCCGACAGTTCC,R,no,experimental,25581030,Minch et al. 2015
Rv3849,,espR,Dual,Rv2307D,,Rv2307D,,CAACGTTATCGGCggtaGCCGACAGTTCC,R,no,experimental,25581030,Minch et al. 2015
Rv3849,,espR,Dual,Rv2560,,Rv2560,,GAACGTTCGCGTCGTCAG,R,no,experimental,25581030,Minch et al. 2015
Rv3849,,espR,Dual,Rv2957,,Rv2957,,GCTGCCGGCAATCCCAAAG,R,no,experimental,25581030,Minch et al. 2015
Rv3849,,espR,Dual,Rv3020c,,esxS,,TGTCGGCGCAGGCGTTT,R,no,experimental,25581030,Minch et al. 2015
Rv3849,,espR,Dual,Rv3144c,,PPE52,,GAATGTTGCCGGC,R,no,experimental,25581030,Minch et al. 2015
Rv3855,,ethR,Dual,Rv3855,,ethR,,GGAGGTGGTCACC,A,no,experimental,25581030,Minch et al. 2015
Rv3855,,ethR,Dual,Rv3854c,,ethA,,TCGGCGACTTCGACACTG,R,no,experimental,25581030,Minch et al. 2015
Rv3862c,,whiB6,Dual,Rv3881c,,espB,OP_Rv3880c,GGCATCGCGAAC,A,no,experimental,25581030,Minch et al. 2015
Rv3862c,,whiB6,Dual,Rv3779,,Rv3779,,GCATTGAGTACC,R,no,experimental,25581030,Minch et al. 2015
Rv3862c,,whiB6,Dual,Rv3872,,PE35,,,A,no,experimental,25581030,Minch et al. 2015
Rv3862c,,whiB6,Dual,Rv3778c,,Rv3778c,,GGCATACCGCA,R,no,experimental,25581030,Minch et al. 2015
Rv3911,,sigM,A,Rv2515c,,Rv2515c,OP_Rv2514c,,A,no,experimental,25581030,Minch et al. 2015
Rv3911,,sigM,A,Rv3906c,,Rv3906c,,,A,no,experimental,25581030,Minch et al. 2015
